"brand","model","processor_brand","processor_name","processor_gnrtn","ram_gb","ram_type","ssd","hdd","os","os_bit","graphic_card_gb","weight","display_size","warranty","Touchscreen","msoffice","latest_price","latest_price_range","old_price","discount","star_rating","ratings","reviews","confidence([0.0 - 687.5])","confidence([687.5 - 1375.0])","confidence([1375.0 - 2062.5])","confidence([2062.5 - 2750.0])","confidence([2750.0 - 3437.5])","confidence([4125.0 - 4812.5])","confidence([3437.5 - 4125.0])","confidence([4812.5 - 5500.0])","prediction(latest_price_range)"
"acer","Aspire","AMD","Ryzen 5","11th",4,"DDR4",512,0,"Windows","64-bit",0,"Casual",15.6,1,"No","No",544.87,"[0.0 - 687.5]",690.2,21,4.4,313,39,1.0,0.0,0.0,0.0,0.0,0.0,0.0,0.0,"[0.0 - 687.5]"
"acer","Aspire","AMD","Ryzen 5","11th",4,"DDR4",512,0,"Windows","64-bit",0,"ThinNlight",15.6,1,"No","No",605.43,"[0.0 - 687.5]",787.09,23,4.5,6,1,1.0,0.0,0.0,0.0,0.0,0.0,0.0,0.0,"[0.0 - 687.5]"
"acer","Aspire","AMD","Ryzen 5","11th",4,"DDR4",512,0,"Windows","64-bit",0,"ThinNlight",15.6,1,"No","No",920.42,"[687.5 - 1375.0]",1131.809243,20,4.225474684,521,72,1.0,0.0,0.0,0.0,0.0,0.0,0.0,0.0,"[0.0 - 687.5]"
"acer","Aspire","Intel","Core i5","11th",8,"DDR4",512,0,"Windows","64-bit",0,"Casual",14.0,1,"No","No",702.31,"[687.5 - 1375.0]",787.21,10,4.225474684,521,72,0.19047619047619047,0.7238095238095238,0.06666666666666667,0.009523809523809525,0.009523809523809525,0.0,0.0,0.0,"[687.5 - 1375.0]"
"acer","Aspire","Intel","Core i5","8th",8,"DDR4",0,1024,"Windows","64-bit",2,"Casual",14.0,1,"No","Yes",726.64,"[687.5 - 1375.0]",757.07,4,4.1,118,28,0.0,0.8333333333333334,0.16666666666666666,0.0,0.0,0.0,0.0,0.0,"[687.5 - 1375.0]"
"acer","Aspire","Intel","Core i5","11th",8,"DDR5",0,512,"Windows","32-bit",4,"Casual",15.6,0,"No","No",617.54,"[0.0 - 687.5]",1089.97,43,4.4,10966,1185,0.75,0.0,0.25,0.0,0.0,0.0,0.0,0.0,"[0.0 - 687.5]"
"acer","Predator","Intel","Core i7","10th",16,"DDR4",256,1024,"Windows","64-bit",6,"Casual",16.0,1,"No","No",1453.19,"[1375.0 - 2062.5]",1707.52,14,4.6,2038,313,0.12,0.64,0.12,0.08,0.0,0.0,0.04,0.0,"[687.5 - 1375.0]"
"acer","Swift","Intel","Core i5","8th",8,"DDR4",256,0,"Windows","64-bit",0,"ThinNlight",13.3,1,"No","No",720.48,"[687.5 - 1375.0]",793.82,9,3.5,33,7,0.8538011695906432,0.14619883040935672,0.0,0.0,0.0,0.0,0.0,0.0,"[0.0 - 687.5]"
"acer","Travelmate","Intel","Core i5","11th",16,"DDR4",256,1024,"Windows","64-bit",0,"Casual",14.0,0,"No","No",756.81,"[687.5 - 1375.0]",1029.43,26,3.4,8,72,0.8538011695906432,0.14619883040935672,0.0,0.0,0.0,0.0,0.0,0.0,"[0.0 - 687.5]"
"acer","Travelmate","Intel","Core i5","11th",8,"DDR4",256,1024,"Windows","64-bit",0,"Casual",14.0,0,"No","No",672.04,"[0.0 - 687.5]",726.66,7,3.8,8,3,0.8538011695906432,0.14619883040935672,0.0,0.0,0.0,0.0,0.0,0.0,"[0.0 - 687.5]"
"alienware","NA","Intel","GeForce GTX","10th",8,"LPDDR4",0,512,"DOS","32-bit",6,"Casual",15.6,0,"No","No",2422.07,"[2062.5 - 2750.0]",2704.64,10,4.9,12,72,0.12,0.64,0.12,0.08,0.0,0.0,0.04,0.0,"[687.5 - 1375.0]"
"apple","MacBook","M1","M1","10th",16,"DDR4",256,0,"Mac","64-bit",0,"Casual",13.3,1,"No","No",1610.63,"[1375.0 - 2062.5]",1815.43,11,4.8,640,70,0.0,1.0,0.0,0.0,0.0,0.0,0.0,0.0,"[687.5 - 1375.0]"
"apple","MacBook","M1","M1","10th",16,"DDR4",512,0,"Mac","64-bit",0,"Casual",14.2,1,"No","No",2240.4,"[2062.5 - 2750.0]",2360.42,5,4.8,42,8,0.0,0.0,0.75,0.25,0.0,0.0,0.0,0.0,"[1375.0 - 2062.5]"
"apple","MacBook","M1","M1","10th",4,"DDR4",512,0,"Mac","64-bit",0,"Casual",16.0,1,"No","No",1513.75,"[1375.0 - 2062.5]",1609.54,5,4.7,45,4,0.0,0.0,0.75,0.25,0.0,0.0,0.0,0.0,"[1375.0 - 2062.5]"
"apple","MacBook","M1","M1","10th",8,"DDR4",256,0,"Mac","64-bit",0,"Casual",13.3,1,"No","No",1368.41,"[687.5 - 1375.0]",1488.43,8,4.8,640,70,0.0,1.0,0.0,0.0,0.0,0.0,0.0,0.0,"[687.5 - 1375.0]"
"apple","MacBook","M1","M1","10th",8,"DDR4",512,0,"Mac","64-bit",0,"Casual",13.3,1,"No","No",1235.19,"[687.5 - 1375.0]",1427.88,13,4.7,809,91,0.0,0.75,0.25,0.0,0.0,0.0,0.0,0.0,"[687.5 - 1375.0]"
"asus","ASUS","AMD","Ryzen 7","11th",16,"DDR4",512,0,"Windows","32-bit",4,"Gaming",17.3,0,"No","No",932.42,"[687.5 - 1375.0]",1295.75,28,4.8,22,3,0.0,1.0,0.0,0.0,0.0,0.0,0.0,0.0,"[687.5 - 1375.0]"
"asus","ASUS","Intel","Core i5","11th",8,"DDR4",1024,0,"Windows","64-bit",4,"Gaming",15.6,0,"No","No",920.31,"[687.5 - 1375.0]",1416.86,35,4.5,368,48,0.0,1.0,0.0,0.0,0.0,0.0,0.0,0.0,"[687.5 - 1375.0]"
"asus","ASUS","Intel","Core i7","11th",16,"DDR4",1024,0,"Windows","64-bit",6,"Casual",16.0,1,"No","No",1592.59,"[1375.0 - 2062.5]",2119.41,24,4.225474684,521,72,0.0,0.0,0.375,0.125,0.5,0.0,0.0,0.0,"[2750.0 - 3437.5]"
"asus","ASUS","Intel","Core i9","11th",16,"DDR4",1024,0,"Windows","64-bit",6,"Gaming",15.6,1,"No","No",1695.41,"[1375.0 - 2062.5]",1755.96,3,4.225474684,521,72,0.0,0.0,1.0,0.0,0.0,0.0,0.0,0.0,"[1375.0 - 2062.5]"
"asus","Chromebook","Intel","Celeron Dual","10th",4,"LPDDR4",0,512,"Windows","32-bit",0,"Casual",15.6,0,"No","No",290.54,"[0.0 - 687.5]",363.21,20,4.1,974,170,0.8538011695906432,0.14619883040935672,0.0,0.0,0.0,0.0,0.0,0.0,"[0.0 - 687.5]"
"asus","Chromebook","Intel","Celeron Dual","10th",4,"LPDDR4",0,512,"Windows","64-bit",0,"Casual",15.6,0,"No","No",229.99,"[0.0 - 687.5]",278.43,17,3.6,197,25,0.8538011695906432,0.14619883040935672,0.0,0.0,0.0,0.0,0.0,0.0,"[0.0 - 687.5]"
"asus","EeeBook","Intel","Celeron Dual","10th",4,"DDR4",0,512,"Windows","32-bit",0,"Casual",15.6,0,"No","No",266.32,"[0.0 - 687.5]",314.76,15,3.5,31,3,0.8538011695906432,0.14619883040935672,0.0,0.0,0.0,0.0,0.0,0.0,"[0.0 - 687.5]"
"asus","ExpertBook","Intel","Core i5","10th",8,"DDR4",0,1024,"Windows","64-bit",0,"Casual",15.6,0,"No","No",741.78,"[687.5 - 1375.0]",835.53,11,4.225474684,521,72,0.8538011695906432,0.14619883040935672,0.0,0.0,0.0,0.0,0.0,0.0,"[0.0 - 687.5]"
"asus","ExpertBook","Intel","Core i5","10th",8,"DDR4",0,1024,"Windows","64-bit",2,"Casual",15.6,0,"No","No",1017.2,"[687.5 - 1375.0]",1131.809243,20,4.225474684,521,72,0.12,0.64,0.12,0.08,0.0,0.0,0.04,0.0,"[687.5 - 1375.0]"
"asus","ExpertBook","Intel","Core i7","10th",16,"LPDDR3",1024,0,"Windows","64-bit",0,"Casual",16.0,0,"No","No",2010.29,"[1375.0 - 2062.5]",2458.4,18,4.225474684,521,72,0.0,0.0,0.375,0.125,0.5,0.0,0.0,0.0,"[2750.0 - 3437.5]"
"asus","VivoBook","Intel","Core i3","11th",4,"DDR4",256,0,"Windows","32-bit",0,"Casual",15.6,0,"No","No",508.54,"[0.0 - 687.5]",641.76,20,4.225474684,521,72,0.8538011695906432,0.14619883040935672,0.0,0.0,0.0,0.0,0.0,0.0,"[0.0 - 687.5]"
"asus","VivoBook","Intel","Core i3","11th",4,"DDR4",256,0,"Windows","64-bit",0,"ThinNlight",14.0,0,"No","No",416.97,"[0.0 - 687.5]",605.43,31,4.1,37,6,0.8538011695906432,0.14619883040935672,0.0,0.0,0.0,0.0,0.0,0.0,"[0.0 - 687.5]"
"asus","VivoBook","Intel","Core i5","10th",8,"DDR4",512,0,"Windows","64-bit",0,"ThinNlight",15.6,1,"No","Yes",581.2,"[0.0 - 687.5]",762.87,23,4.3,1625,152,0.35714285714285715,0.6428571428571429,0.0,0.0,0.0,0.0,0.0,0.0,"[687.5 - 1375.0]"
"asus","VivoBook","Intel","Core i5","11th",8,"DDR4",512,0,"Windows","64-bit",0,"ThinNlight",14.0,0,"No","No",702.31,"[687.5 - 1375.0]",859.76,18,4.225474684,521,72,0.19047619047619047,0.7238095238095238,0.06666666666666667,0.009523809523809525,0.009523809523809525,0.0,0.0,0.0,"[687.5 - 1375.0]"
"asus","VivoBook","Intel","Core i7","11th",16,"DDR4",1024,0,"Windows","32-bit",6,"Casual",16.0,0,"No","No",1465.18,"[1375.0 - 2062.5]",1816.63,19,4.225474684,521,72,0.0,0.0,0.375,0.125,0.5,0.0,0.0,0.0,"[2750.0 - 3437.5]"
"asus","Pentium","Intel","Pentium Quad","10th",4,"DDR4",0,1024,"Windows","64-bit",0,"Casual",15.6,1,"No","No",314.76,"[0.0 - 687.5]",485.75,35,3.7,4741,658,0.8538011695906432,0.14619883040935672,0.0,0.0,0.0,0.0,0.0,0.0,"[0.0 - 687.5]"
"asus","Pentium","Intel","Pentium Quad","11th",4,"DDR4",128,0,"Windows","32-bit",0,"Casual",14.0,0,"Yes","No",703.65,"[687.5 - 1375.0]",841.71,16,4.225474684,521,72,0.8538011695906432,0.14619883040935672,0.0,0.0,0.0,0.0,0.0,0.0,"[0.0 - 687.5]"
"asus","ROG","AMD","Ryzen 7","11th",4,"DDR4",1024,0,"Windows","64-bit",0,"Casual",16.0,1,"No","Yes",920.43,"[687.5 - 1375.0]",1537.97,40,5.0,1,1,0.0,0.9,0.1,0.0,0.0,0.0,0.0,0.0,"[687.5 - 1375.0]"
"asus","ROG","AMD","Ryzen 7","11th",4,"DDR5",512,0,"Windows","32-bit",4,"Casual",16.0,1,"No","No",1356.3,"[687.5 - 1375.0]",1610.63,15,4.225474684,521,72,0.0,1.0,0.0,0.0,0.0,0.0,0.0,0.0,"[687.5 - 1375.0]"
"asus","ROG","Intel","Core i5","10th",8,"DDR4",1024,0,"Windows","64-bit",4,"Casual",15.6,1,"No","No",944.53,"[687.5 - 1375.0]",1816.52,48,4.5,187,26,0.0,1.0,0.0,0.0,0.0,0.0,0.0,0.0,"[687.5 - 1375.0]"
"asus","ROG","Intel","Core i9","12th",16,"DDR5",1024,0,"Windows","64-bit",6,"Casual",16.0,0,"No","No",3633.16,"[3437.5 - 4125.0]",4565.7,20,4.225474684,521,72,0.0,0.0,0.3333333333333333,0.16666666666666666,0.3333333333333333,0.0,0.0,0.16666666666666666,"[1375.0 - 2062.5]"
"asus","Ryzen","AMD","Ryzen 5","11th",4,"DDR4",512,0,"Windows","64-bit",0,"ThinNlight",15.6,1,"No","Yes",605.43,"[0.0 - 687.5]",787.09,23,4.5,14,2,0.14285714285714285,0.8571428571428571,0.0,0.0,0.0,0.0,0.0,0.0,"[687.5 - 1375.0]"
"asus","Ryzen","AMD","Ryzen 9","8th",4,"DDR4",1024,0,"Windows","64-bit",4,"Casual",16.0,1,"No","No",1731.74,"[1375.0 - 2062.5]",1131.809243,20,4.225474684,521,72,0.0,0.04,0.88,0.04,0.04,0.0,0.0,0.0,"[1375.0 - 2062.5]"
"asus","TUF","Intel","Core i5","11th",8,"DDR4",512,0,"Windows","64-bit",4,"Casual",15.6,1,"No","No",932.42,"[687.5 - 1375.0]",1283.64,27,4.225474684,521,72,0.19047619047619047,0.7238095238095238,0.06666666666666667,0.009523809523809525,0.009523809523809525,0.0,0.0,0.0,"[687.5 - 1375.0]"
"asus","VivoBook","AMD","Ryzen 5","11th",8,"DDR4",512,0,"Windows","64-bit",0,"Casual",14.0,1,"No","No",714.42,"[687.5 - 1375.0]",896.09,20,4.4,324,34,0.14285714285714285,0.8571428571428571,0.0,0.0,0.0,0.0,0.0,0.0,"[687.5 - 1375.0]"
"asus","VivoBook","AMD","Ryzen 7","11th",4,"DDR4",512,0,"Windows","64-bit",0,"Casual",16.0,1,"No","Yes",690.2,"[687.5 - 1375.0]",908.2,24,4.225474684,521,72,0.0,1.0,0.0,0.0,0.0,0.0,0.0,0.0,"[687.5 - 1375.0]"
"asus","VivoBook","Intel","Core i3","10th",4,"DDR4",512,0,"Windows","64-bit",0,"Casual",15.6,1,"No","No",496.43,"[0.0 - 687.5]",605.43,18,4.4,4008,519,1.0,0.0,0.0,0.0,0.0,0.0,0.0,0.0,"[0.0 - 687.5]"
"asus","VivoBook","Intel","Core i3","10th",8,"DDR4",0,1024,"Windows","64-bit",0,"Casual",15.6,0,"No","No",399.54,"[0.0 - 687.5]",532.76,25,2.0,12,72,0.8538011695906432,0.14619883040935672,0.0,0.0,0.0,0.0,0.0,0.0,"[0.0 - 687.5]"
"asus","VivoBook","Intel","Core i3","10th",8,"DDR4",512,0,"Windows","64-bit",0,"Casual",15.6,1,"No","No",460.09,"[0.0 - 687.5]",617.54,25,4.3,990,108,1.0,0.0,0.0,0.0,0.0,0.0,0.0,0.0,"[0.0 - 687.5]"
"asus","VivoBook","Intel","Core i3","11th",8,"DDR4",0,1024,"Windows","64-bit",0,"Casual",15.6,1,"No","No",471.12,"[0.0 - 687.5]",629.65,25,3.9,13,72,0.8538011695906432,0.14619883040935672,0.0,0.0,0.0,0.0,0.0,0.0,"[0.0 - 687.5]"
"asus","VivoBook","Intel","Core i3","11th",8,"DDR4",256,0,"Windows","64-bit",0,"Casual",15.6,1,"No","No",466.15,"[0.0 - 687.5]",629.65,25,3.8,19,3,0.8538011695906432,0.14619883040935672,0.0,0.0,0.0,0.0,0.0,0.0,"[0.0 - 687.5]"
"asus","VivoBook","Intel","Core i3","11th",8,"DDR4",512,0,"Windows","64-bit",0,"Casual",15.6,1,"No","No",593.31,"[0.0 - 687.5]",762.87,22,4.5,174,30,0.19047619047619047,0.7238095238095238,0.06666666666666667,0.009523809523809525,0.009523809523809525,0.0,0.0,0.0,"[687.5 - 1375.0]"
"asus","VivoBook","Intel","Core i3","11th",8,"LPDDR4X",512,0,"Windows","32-bit",0,"Casual",14.0,1,"Yes","Yes",629.65,"[0.0 - 687.5]",823.42,23,4.7,6,2,0.19047619047619047,0.7238095238095238,0.06666666666666667,0.009523809523809525,0.009523809523809525,0.0,0.0,0.0,"[687.5 - 1375.0]"
"asus","VivoBook","Intel","Core i5","11th",16,"DDR4",256,1024,"Windows","64-bit",0,"Casual",15.6,1,"No","No",787.09,"[687.5 - 1375.0]",1041.42,24,4.7,10,1,0.8538011695906432,0.14619883040935672,0.0,0.0,0.0,0.0,0.0,0.0,"[0.0 - 687.5]"
"asus","VivoBook","Intel","Core i5","11th",16,"DDR4",256,1024,"Windows","64-bit",0,"Casual",15.6,1,"No","Yes",787.09,"[687.5 - 1375.0]",1041.42,24,4.3,328,51,0.8538011695906432,0.14619883040935672,0.0,0.0,0.0,0.0,0.0,0.0,"[0.0 - 687.5]"
"asus","VivoBook","Intel","Core i5","11th",16,"DDR4",512,0,"Windows","64-bit",0,"Casual",17.3,1,"Yes","Yes",714.42,"[687.5 - 1375.0]",1041.42,31,4.225474684,521,72,0.19047619047619047,0.7238095238095238,0.06666666666666667,0.009523809523809525,0.009523809523809525,0.0,0.0,0.0,"[687.5 - 1375.0]"
"asus","VivoBook","Intel","Core i5","11th",8,"DDR4",256,0,"Windows","64-bit",0,"ThinNlight",15.6,1,"No","No",593.31,"[0.0 - 687.5]",714.42,16,4.225474684,521,72,0.8538011695906432,0.14619883040935672,0.0,0.0,0.0,0.0,0.0,0.0,"[0.0 - 687.5]"
"asus","VivoBook","Intel","Core i5","8th",8,"DDR4",512,0,"Windows","64-bit",0,"ThinNlight",15.6,1,"No","No",650.24,"[0.0 - 687.5]",714.42,8,4.4,19,3,0.19047619047619047,0.7238095238095238,0.06666666666666667,0.009523809523809525,0.009523809523809525,0.0,0.0,0.0,"[687.5 - 1375.0]"
"asus","VivoBook","Intel","Pentium Silver","10th",4,"DDR4",256,0,"Windows","64-bit",0,"ThinNlight",14.0,0,"No","No",363.21,"[0.0 - 687.5]",472.21,23,4.0,36,3,0.8538011695906432,0.14619883040935672,0.0,0.0,0.0,0.0,0.0,0.0,"[0.0 - 687.5]"
"asus","VivoBook14","Intel","Core i5","11th",8,"DDR4",256,0,"Windows","64-bit",0,"ThinNlight",14.1,1,"No","No",603.12,"[0.0 - 687.5]",811.31,25,4.225474684,521,72,0.8538011695906432,0.14619883040935672,0.0,0.0,0.0,0.0,0.0,0.0,"[0.0 - 687.5]"
"asus","Zenbook","AMD","Ryzen 7","11th",16,"LPDDR4X",1024,0,"Windows","64-bit",0,"Casual",14.0,0,"Yes","No",1368.41,"[687.5 - 1375.0]",1707.52,19,4.225474684,521,72,0.0,0.9,0.1,0.0,0.0,0.0,0.0,0.0,"[687.5 - 1375.0]"
"asus","Zenbook","Intel","Core i5","11th",8,"LPDDR4X",512,0,"Windows","64-bit",0,"ThinNlight",16.0,0,"No","No",1029.31,"[687.5 - 1375.0]",1344.19,23,4.225474684,521,72,0.19047619047619047,0.7238095238095238,0.06666666666666667,0.009523809523809525,0.009523809523809525,0.0,0.0,0.0,"[687.5 - 1375.0]"
"asus","ZenBook","Intel","Core i7","11th",16,"LPDDR4X",1024,0,"Windows","64-bit",0,"Casual",16.0,1,"Yes","No",1453.19,"[1375.0 - 2062.5]",1925.52,24,4.8,8,1,0.0,0.5,0.5,0.0,0.0,0.0,0.0,0.0,"[687.5 - 1375.0]"
"asus","ZenBook","Intel","Core i7","11th",16,"LPDDR4X",512,0,"Windows","64-bit",0,"Casual",13.3,1,"No","Yes",1150.42,"[687.5 - 1375.0]",1489.52,22,4.225474684,521,72,0.19047619047619047,0.7238095238095238,0.06666666666666667,0.009523809523809525,0.009523809523809525,0.0,0.0,0.0,"[687.5 - 1375.0]"
"asus","ZenBook","Intel","Ever Screenpad","10th",4,"DDR4",0,512,"DOS","64-bit",4,"Casual",16.0,0,"No","No",2539.54,"[2062.5 - 2750.0]",2543.18,20,5.0,4,72,0.12,0.64,0.12,0.08,0.0,0.0,0.04,0.0,"[687.5 - 1375.0]"
"asus","Zephyrus","AMD","Ryzen 7","11th",4,"DDR4",1024,0,"Windows","64-bit",0,"Casual",16.0,1,"No","No",1344.31,"[687.5 - 1375.0]",1671.19,19,4.225474684,521,72,0.0,0.9,0.1,0.0,0.0,0.0,0.0,0.0,"[687.5 - 1375.0]"
"avita","Cosmos","Intel","Celeron Dual","10th",4,"DDR4",0,512,"Windows","64-bit",0,"Casual",15.6,0,"No","No",211.82,"[0.0 - 687.5]",284.49,25,3.6,1120,196,0.8538011695906432,0.14619883040935672,0.0,0.0,0.0,0.0,0.0,0.0,"[0.0 - 687.5]"
"avita","Liber","Intel","Core i5","8th",8,"DDR4",512,0,"Windows","64-bit",0,"ThinNlight",14.0,0,"No","No",544.87,"[0.0 - 687.5]",932.42,41,3.4,17,3,0.19047619047619047,0.7238095238095238,0.06666666666666667,0.009523809523809525,0.009523809523809525,0.0,0.0,0.0,"[687.5 - 1375.0]"
"avita","Liber","Intel","Core i5","8th",8,"DDR4",512,0,"Windows","64-bit",0,"ThinNlight",14.0,0,"No","No",884.86,"[687.5 - 1375.0]",932.42,5,3.4,17,3,0.19047619047619047,0.7238095238095238,0.06666666666666667,0.009523809523809525,0.009523809523809525,0.0,0.0,0.0,"[687.5 - 1375.0]"
"avita","Liber","Intel","Core i7","10th",16,"DDR4",1024,0,"Windows","64-bit",0,"ThinNlight",14.0,0,"No","No",762.87,"[687.5 - 1375.0]",1009.93,24,3.9,207,49,0.0,0.8571428571428571,0.0,0.0,0.14285714285714285,0.0,0.0,0.0,"[687.5 - 1375.0]"
"avita","Liber","Intel","Core i7","8th",8,"DDR4",256,0,"Windows","64-bit",0,"ThinNlight",14.0,0,"No","No",896.09,"[687.5 - 1375.0]",968.75,7,4.225474684,521,72,0.8538011695906432,0.14619883040935672,0.0,0.0,0.0,0.0,0.0,0.0,"[0.0 - 687.5]"
"avita","PURA","AMD","APU Dual","10th",8,"DDR4",256,0,"Windows","64-bit",0,"ThinNlight",14.0,0,"No","No",302.65,"[0.0 - 687.5]",405.6,25,3.7,1657,234,0.918918918918919,0.08108108108108109,0.0,0.0,0.0,0.0,0.0,0.0,"[0.0 - 687.5]"
"dell","G15","Intel","GEFORCE RTX","10th",4,"DDR4",0,512,"DOS","32-bit",4,"Casual",16.0,0,"No","No",1162.53,"[687.5 - 1375.0]",1502.7,22,4.3,20,5,0.12,0.64,0.12,0.08,0.0,0.0,0.04,0.0,"[687.5 - 1375.0]"
"dell","G7","Intel","GeForce RTX","10th",8,"LPDDR4",0,512,"DOS","32-bit",8,"Casual",15.6,0,"No","No",2179.85,"[2062.5 - 2750.0]",2752.21,20,4.5,17,2,0.0,0.0,0.0,0.5,0.25,0.25,0.0,0.0,"[2062.5 - 2750.0]"
"dell","Inspiron","AMD","Ryzen 3","11th",8,"DDR4",0,1024,"Windows","64-bit",0,"ThinNlight",14.96,0,"No","No",484.32,"[0.0 - 687.5]",624.61,22,3.1,18,4,0.918918918918919,0.08108108108108109,0.0,0.0,0.0,0.0,0.0,0.0,"[0.0 - 687.5]"
"dell","Inspiron","AMD","Ryzen 3","11th",8,"DDR4",256,0,"Windows","64-bit",0,"ThinNlight",14.96,0,"No","No",447.98,"[0.0 - 687.5]",612.64,26,4.2,137,15,0.918918918918919,0.08108108108108109,0.0,0.0,0.0,0.0,0.0,0.0,"[0.0 - 687.5]"
"dell","Inspiron","AMD","Ryzen 5","11th",4,"DDR4",256,0,"Windows","64-bit",0,"ThinNlight",15.6,1,"No","No",537.6,"[0.0 - 687.5]",685.15,21,4.0,276,24,0.918918918918919,0.08108108108108109,0.0,0.0,0.0,0.0,0.0,0.0,"[0.0 - 687.5]"
"dell","Inspiron","AMD","Ryzen 5","11th",4,"DDR4",512,0,"Windows","64-bit",0,"Casual",15.6,1,"Yes","Yes",914.38,"[687.5 - 1375.0]",1131.9,19,4.225474684,521,72,0.2,0.8,0.0,0.0,0.0,0.0,0.0,0.0,"[687.5 - 1375.0]"
"dell","Inspiron","AMD","Ryzen 5","11th",8,"DDR4",256,0,"Windows","64-bit",0,"ThinNlight",15.6,1,"No","No",538.82,"[0.0 - 687.5]",704.78,23,4.2,14,1,0.918918918918919,0.08108108108108109,0.0,0.0,0.0,0.0,0.0,0.0,"[0.0 - 687.5]"
"dell","Inspiron","Intel","Core i3","10th",4,"DDR4",0,1024,"Windows","64-bit",0,"ThinNlight",15.6,1,"No","No",484.32,"[0.0 - 687.5]",672.57,27,3.8,15,1,0.8538011695906432,0.14619883040935672,0.0,0.0,0.0,0.0,0.0,0.0,"[0.0 - 687.5]"
"dell","Inspiron","Intel","Core i3","10th",4,"DDR4",256,0,"Windows","64-bit",0,"Casual",15.0,1,"No","Yes",478.26,"[0.0 - 687.5]",672.04,28,4.4,634,64,0.8538011695906432,0.14619883040935672,0.0,0.0,0.0,0.0,0.0,0.0,"[0.0 - 687.5]"
"dell","Inspiron","Intel","Core i3","10th",4,"DDR4",256,0,"Windows","64-bit",0,"ThinNlight",15.6,1,"No","No",484.32,"[0.0 - 687.5]",603.38,19,4.0,44,2,0.8538011695906432,0.14619883040935672,0.0,0.0,0.0,0.0,0.0,0.0,"[0.0 - 687.5]"
"dell","Inspiron","Intel","Core i3","10th",4,"DDR4",256,1024,"Windows","64-bit",0,"Casual",15.6,1,"No","No",541.24,"[0.0 - 687.5]",728.13,25,4.3,9,72,0.8538011695906432,0.14619883040935672,0.0,0.0,0.0,0.0,0.0,0.0,"[0.0 - 687.5]"
"dell","Inspiron","Intel","Core i3","11th",8,"DDR4",256,0,"Windows","64-bit",0,"ThinNlight",14.96,0,"No","No",508.54,"[0.0 - 687.5]",698.44,27,4.2,216,21,0.8538011695906432,0.14619883040935672,0.0,0.0,0.0,0.0,0.0,0.0,"[0.0 - 687.5]"
"dell","Inspiron","Intel","Core i3","11th",8,"DDR4",256,1024,"Windows","64-bit",0,"ThinNlight",15.6,1,"No","No",593.31,"[0.0 - 687.5]",726.54,18,4.1,724,92,0.8538011695906432,0.14619883040935672,0.0,0.0,0.0,0.0,0.0,0.0,"[0.0 - 687.5]"
"dell","Inspiron","Intel","Core i5","11th",8,"DDR4",256,1024,"Windows","64-bit",0,"Casual",15.6,1,"No","No",702.31,"[687.5 - 1375.0]",906.3,22,4.2,47,72,0.8538011695906432,0.14619883040935672,0.0,0.0,0.0,0.0,0.0,0.0,"[0.0 - 687.5]"
"dell","Inspiron","Intel","Core i5","11th",8,"DDR4",512,0,"Windows","64-bit",0,"Casual",15.6,1,"Yes","Yes",857.44,"[687.5 - 1375.0]",1084.7,20,4.7,98,6,0.19047619047619047,0.7238095238095238,0.06666666666666667,0.009523809523809525,0.009523809523809525,0.0,0.0,0.0,"[687.5 - 1375.0]"
"dell","Inspiron","Intel","Core i5","11th",8,"DDR4",512,0,"Windows","64-bit",0,"Casual",14.0,1,"Yes","Yes",902.26,"[687.5 - 1375.0]",956.64,5,4.4,45,5,0.19047619047619047,0.7238095238095238,0.06666666666666667,0.009523809523809525,0.009523809523809525,0.0,0.0,0.0,"[687.5 - 1375.0]"
"dell","Inspiron","Intel","Core i5","11th",8,"DDR4",512,0,"Windows","64-bit",0,"ThinNlight",14.0,0,"No","No",726.54,"[687.5 - 1375.0]",922.16,21,3.8,31,7,0.19047619047619047,0.7238095238095238,0.06666666666666667,0.009523809523809525,0.009523809523809525,0.0,0.0,0.0,"[687.5 - 1375.0]"
"dell","Inspiron","Intel","Core i5","11th",8,"DDR4",512,0,"Windows","64-bit",0,"ThinNlight",14.0,0,"No","No",882.89,"[687.5 - 1375.0]",907.11,2,3.9,24,4,0.19047619047619047,0.7238095238095238,0.06666666666666667,0.009523809523809525,0.009523809523809525,0.0,0.0,0.0,"[687.5 - 1375.0]"
"dell","Inspiron","Intel","Core i5","11th",8,"DDR4",512,0,"Windows","64-bit",2,"Casual",14.0,1,"No","Yes",859.63,"[687.5 - 1375.0]",921.57,6,4.4,138,23,0.19047619047619047,0.7238095238095238,0.06666666666666667,0.009523809523809525,0.009523809523809525,0.0,0.0,0.0,"[687.5 - 1375.0]"
"dell","Inspiron","Intel","Core i5","11th",8,"DDR4",512,0,"Windows","64-bit",2,"ThinNlight",15.6,3,"No","No",871.87,"[687.5 - 1375.0]",1041.54,16,4.225474684,521,72,0.19047619047619047,0.7238095238095238,0.06666666666666667,0.009523809523809525,0.009523809523809525,0.0,0.0,0.0,"[687.5 - 1375.0]"
"dell","Inspiron","Intel","Core i5","8th",8,"DDR4",0,2048,"Windows","64-bit",2,"Casual",15.6,1,"No","Yes",754.72,"[687.5 - 1375.0]",1131.809243,20,4.0,377,53,0.0,0.8333333333333334,0.16666666666666666,0.0,0.0,0.0,0.0,0.0,"[687.5 - 1375.0]"
"dell","Inspiron","Intel","Core i7","11th",16,"DDR4",1024,0,"Windows","64-bit",2,"Casual",16.0,1,"No","Yes",1137.88,"[687.5 - 1375.0]",1481.17,23,4.8,4,72,0.0,0.0,1.0,0.0,0.0,0.0,0.0,0.0,"[1375.0 - 2062.5]"
"dell","Insprion","Intel","Core i3","11th",8,"DDR4",0,1024,"Windows","32-bit",0,"Casual",15.6,0,"No","No",502.36,"[0.0 - 687.5]",593.31,15,3.8,25,4,0.8538011695906432,0.14619883040935672,0.0,0.0,0.0,0.0,0.0,0.0,"[0.0 - 687.5]"
"dell","Inspiron","Intel","Core i3","11th",4,"DDR4",0,1024,"Windows","32-bit",0,"Casual",15.6,0,"No","No",532.52,"[0.0 - 687.5]",558.77,4,3.9,16,72,0.8538011695906432,0.14619883040935672,0.0,0.0,0.0,0.0,0.0,0.0,"[0.0 - 687.5]"
"dell","Inspiron","Intel","Core i3","11th",8,"DDR4",256,0,"Windows","64-bit",0,"Casual",15.6,1,"No","No",587.38,"[0.0 - 687.5]",708.4,17,4.225474684,521,72,0.8538011695906432,0.14619883040935672,0.0,0.0,0.0,0.0,0.0,0.0,"[0.0 - 687.5]"
"dell","Inspiron","Intel","Core i5","11th",8,"DDR4",0,1024,"Windows","32-bit",0,"Casual",14.0,0,"No","No",714.42,"[687.5 - 1375.0]",834.44,14,4.225474684,521,72,0.8538011695906432,0.14619883040935672,0.0,0.0,0.0,0.0,0.0,0.0,"[0.0 - 687.5]"
"dell","Inspiron","Intel","Core i5","11th",8,"DDR4",512,0,"Windows","64-bit",0,"ThinNlight",14.0,1,"No","No",742.28,"[687.5 - 1375.0]",893.47,16,3.0,4,1,0.19047619047619047,0.7238095238095238,0.06666666666666667,0.009523809523809525,0.009523809523809525,0.0,0.0,0.0,"[687.5 - 1375.0]"
"dell","Ryzen","AMD","Ryzen 5","11th",4,"DDR4",256,1024,"Windows","32-bit",0,"Casual",15.6,0,"No","No",629.65,"[0.0 - 687.5]",806.1,21,4.225474684,521,72,0.918918918918919,0.08108108108108109,0.0,0.0,0.0,0.0,0.0,0.0,"[0.0 - 687.5]"
"dell","Ryzen","AMD","Ryzen 5","11th",4,"DDR4",512,0,"Windows","64-bit",4,"Casual",16.0,1,"No","No",1198.01,"[687.5 - 1375.0]",1231.45,2,4.225474684,521,72,0.2,0.8,0.0,0.0,0.0,0.0,0.0,0.0,"[687.5 - 1375.0]"
"dell","Vostro","AMD","Ryzen 5","11th",8,"DDR4",512,0,"Windows","64-bit",0,"ThinNlight",14.0,0,"No","No",575.15,"[0.0 - 687.5]",747.73,23,2.5,2,1,0.2,0.8,0.0,0.0,0.0,0.0,0.0,0.0,"[687.5 - 1375.0]"
"dell","Vostro","Intel","Core i3","10th",8,"DDR4",256,0,"Windows","64-bit",0,"ThinNlight",14.0,1,"No","Yes",478.26,"[0.0 - 687.5]",524.55,8,4.3,1267,171,0.8538011695906432,0.14619883040935672,0.0,0.0,0.0,0.0,0.0,0.0,"[0.0 - 687.5]"
"dell","Vostro","Intel","Core i3","11th",4,"DDR4",256,1024,"Windows","64-bit",0,"ThinNlight",14.0,1,"No","Yes",520.65,"[0.0 - 687.5]",522.3,20,4.1,62,7,0.8538011695906432,0.14619883040935672,0.0,0.0,0.0,0.0,0.0,0.0,"[0.0 - 687.5]"
"dell","Vostro","Intel","Core i3","11th",4,"DDR4",256,1024,"Windows","64-bit",0,"ThinNlight",15.6,1,"No","Yes",527.92,"[0.0 - 687.5]",700.78,24,4.225474684,521,72,0.8538011695906432,0.14619883040935672,0.0,0.0,0.0,0.0,0.0,0.0,"[0.0 - 687.5]"
"dell","Vostro","Intel","Core i5","11th",8,"DDR4",256,1024,"Windows","64-bit",0,"ThinNlight",14.0,1,"No","Yes",665.98,"[0.0 - 687.5]",972.31,31,3.8,353,28,0.8538011695906432,0.14619883040935672,0.0,0.0,0.0,0.0,0.0,0.0,"[0.0 - 687.5]"
"dell","Vostro","Intel","Core i5","11th",8,"DDR4",512,0,"Windows","64-bit",2,"Casual",14.0,1,"No","Yes",777.4,"[687.5 - 1375.0]",1034.16,24,4.225474684,521,72,0.19047619047619047,0.7238095238095238,0.06666666666666667,0.009523809523809525,0.009523809523809525,0.0,0.0,0.0,"[687.5 - 1375.0]"
"hp","430","Intel","Core i5","11th",8,"DDR4",512,0,"Windows","32-bit",0,"Casual",16.0,0,"No","No",1138.43,"[687.5 - 1375.0]",1186.87,4,4.225474684,521,72,0.19047619047619047,0.7238095238095238,0.06666666666666667,0.009523809523809525,0.009523809523809525,0.0,0.0,0.0,"[687.5 - 1375.0]"
"hp","15-ec1105AX","AMD","Ryzen 5","11th",8,"DDR4",512,0,"Windows","64-bit",4,"Casual",15.6,1,"No","No",714.42,"[687.5 - 1375.0]",849.85,15,4.5,1049,134,0.0,1.0,0.0,0.0,0.0,0.0,0.0,0.0,"[687.5 - 1375.0]"
"hp","15s","Intel","Core i3","11th",4,"DDR4",512,0,"Windows","32-bit",0,"ThinNlight",15.6,1,"No","No",617.54,"[0.0 - 687.5]",626.72,1,4.225474684,521,72,0.8333333333333334,0.16666666666666666,0.0,0.0,0.0,0.0,0.0,0.0,"[0.0 - 687.5]"
"hp","15s","Intel","Core i5","10th",8,"LPDDR4",0,512,"DOS","32-bit",0,"ThinNlight",14.0,0,"No","No",678.09,"[0.0 - 687.5]",765.16,11,4.0,818,109,0.0,1.0,0.0,0.0,0.0,0.0,0.0,0.0,"[687.5 - 1375.0]"
"hp","APU","AMD","APU Dual","10th",4,"DDR4",0,1024,"Windows","32-bit",0,"Casual",14.0,0,"No","No",253.12,"[0.0 - 687.5]",276.43,8,3.9,1185,141,0.918918918918919,0.08108108108108109,0.0,0.0,0.0,0.0,0.0,0.0,"[0.0 - 687.5]"
"hp","Athlon","AMD","Athlon Dual","10th",32,"DDR4",32,0,"Windows","32-bit",4,"Casual",14.0,0,"No","No",325.77,"[0.0 - 687.5]",335.09,2,4.225474684,521,72,0.12,0.64,0.12,0.08,0.0,0.0,0.04,0.0,"[687.5 - 1375.0]"
"hp","Chromebook","Intel","Celeron Dual","10th",4,"DDR4",0,512,"Windows","64-bit",0,"Casual",15.6,0,"No","No",338.99,"[0.0 - 687.5]",381.88,11,3.8,596,65,0.8538011695906432,0.14619883040935672,0.0,0.0,0.0,0.0,0.0,0.0,"[0.0 - 687.5]"
"hp","Envy","AMD","Ryzen 5","11th",16,"DDR4",512,0,"Windows","64-bit",0,"Casual",13.3,1,"Yes","Yes",1187.11,"[687.5 - 1375.0]",1131.809243,20,4.225474684,521,72,0.0,1.0,0.0,0.0,0.0,0.0,0.0,0.0,"[687.5 - 1375.0]"
"hp","Envy","Intel","Core i7","11th",16,"DDR4",512,0,"Windows","64-bit",0,"Casual",16.0,1,"Yes","Yes",1259.54,"[687.5 - 1375.0]",1438.49,12,4.225474684,521,72,0.19047619047619047,0.7238095238095238,0.06666666666666667,0.009523809523809525,0.009523809523809525,0.0,0.0,0.0,"[687.5 - 1375.0]"
"hp","HP","AMD","Ryzen 7","11th",16,"DDR4",1024,0,"Windows","64-bit",0,"ThinNlight",13.3,1,"Yes","Yes",1126.2,"[687.5 - 1375.0]",1364.55,17,4.225474684,521,72,0.0,0.9,0.1,0.0,0.0,0.0,0.0,0.0,"[687.5 - 1375.0]"
"hp","Pavilion","Intel","Core i3","11th",4,"DDR4",512,0,"Windows","64-bit",0,"ThinNlight",15.6,1,"No","Yes",581.2,"[0.0 - 687.5]",619.66,6,4.3,1605,215,1.0,0.0,0.0,0.0,0.0,0.0,0.0,0.0,"[0.0 - 687.5]"
"hp","Pavilion","Intel","Core i3","11th",8,"DDR4",512,0,"Windows","64-bit",0,"Casual",15.6,1,"No","No",499.58,"[0.0 - 687.5]",564.39,11,4.1,117,11,0.19047619047619047,0.7238095238095238,0.06666666666666667,0.009523809523809525,0.009523809523809525,0.0,0.0,0.0,"[687.5 - 1375.0]"
"hp","Pavilion","Intel","Core i3","11th",8,"DDR4",512,0,"Windows","64-bit",0,"ThinNlight",15.6,1,"No","Yes",520.65,"[0.0 - 687.5]",694.32,25,4.4,158,18,0.19047619047619047,0.7238095238095238,0.06666666666666667,0.009523809523809525,0.009523809523809525,0.0,0.0,0.0,"[687.5 - 1375.0]"
"hp","Pavilion","Intel","Core i5","11th",8,"DDR4",512,0,"Windows","32-bit",0,"ThinNlight",14.0,1,"No","Yes",726.64,"[687.5 - 1375.0]",989.27,26,4.0,4,1,0.19047619047619047,0.7238095238095238,0.06666666666666667,0.009523809523809525,0.009523809523809525,0.0,0.0,0.0,"[687.5 - 1375.0]"
"hp","Pavilion","Intel","Core i5","7th",4,"DDR4",0,1024,"Windows","64-bit",0,"Casual",15.6,1,"No","No",540.14,"[0.0 - 687.5]",1131.809243,20,4.1,122,12,0.8538011695906432,0.14619883040935672,0.0,0.0,0.0,0.0,0.0,0.0,"[0.0 - 687.5]"
"hp","OMEN","Intel","Core i7","11th",16,"DDR4",1024,0,"Windows","64-bit",4,"Casual",16.0,0,"No","No",1416.86,"[1375.0 - 2062.5]",1607.33,11,4.225474684,521,72,0.0,0.0,0.375,0.125,0.5,0.0,0.0,0.0,"[2750.0 - 3437.5]"
"hp","OMEN","Intel","Core i7","11th",16,"DDR4",1024,0,"Windows","64-bit",4,"Casual",16.0,0,"No","No",1477.41,"[1375.0 - 2062.5]",1676.14,11,4.225474684,521,72,0.0,0.0,0.375,0.125,0.5,0.0,0.0,0.0,"[2750.0 - 3437.5]"
"hp","OMEN","Intel","Core i7","11th",16,"DDR4",1024,0,"Windows","64-bit",8,"Casual",16.0,1,"No","Yes",2082.96,"[2062.5 - 2750.0]",2396.29,13,4.225474684,521,72,0.0,0.0,0.375,0.125,0.5,0.0,0.0,0.0,"[2750.0 - 3437.5]"
"hp","Pavilion","AMD","Ryzen 5","11th",16,"DDR4",512,0,"Windows","64-bit",2,"Casual",14.0,1,"No","Yes",774.98,"[687.5 - 1375.0]",906.37,14,4.2,90,13,0.0,1.0,0.0,0.0,0.0,0.0,0.0,0.0,"[687.5 - 1375.0]"
"hp","Pavilion","AMD","Ryzen 5","11th",8,"DDR4",512,0,"Windows","64-bit",4,"Casual",15.6,1,"No","Yes",883.98,"[687.5 - 1375.0]",1062.33,16,4.7,16,4,0.75,0.25,0.0,0.0,0.0,0.0,0.0,0.0,"[0.0 - 687.5]"
"hp","Pavilion","AMD","Ryzen 7","11th",16,"DDR4",1024,0,"Windows","64-bit",0,"ThinNlight",13.3,1,"No","Yes",1019.62,"[687.5 - 1375.0]",1326.95,23,4.225474684,521,72,0.0,0.9,0.1,0.0,0.0,0.0,0.0,0.0,"[687.5 - 1375.0]"
"hp","Pavilion","AMD","Ryzen 7","11th",16,"DDR4",256,1024,"Windows","64-bit",4,"Gaming",15.6,1,"No","Yes",920.31,"[687.5 - 1375.0]",1133.15,18,4.5,1084,123,0.0,1.0,0.0,0.0,0.0,0.0,0.0,0.0,"[687.5 - 1375.0]"
"hp","Pavilion","AMD","Ryzen 7","11th",16,"DDR4",512,0,"Windows","64-bit",4,"Gaming",15.6,1,"No","Yes",1029.31,"[687.5 - 1375.0]",1345.62,23,2.8,4,2,0.0,1.0,0.0,0.0,0.0,0.0,0.0,0.0,"[687.5 - 1375.0]"
"hp","Pavilion","Intel","Core i3","11th",4,"DDR4",512,0,"Windows","64-bit",0,"Casual",15.6,1,"Yes","Yes",838.89,"[687.5 - 1375.0]",1131.809243,20,4.225474684,521,72,0.8333333333333334,0.16666666666666666,0.0,0.0,0.0,0.0,0.0,0.0,"[0.0 - 687.5]"
"hp","Pavilion","Intel","Core i3","11th",8,"DDR4",256,0,"Windows","64-bit",0,"Casual",14.0,1,"Yes","Yes",653.87,"[0.0 - 687.5]",769.17,14,4.6,14,72,0.8538011695906432,0.14619883040935672,0.0,0.0,0.0,0.0,0.0,0.0,"[0.0 - 687.5]"
"hp","Pavilion","Intel","Core i3","11th",8,"DDR4",512,0,"Windows","64-bit",0,"Casual",14.0,1,"Yes","Yes",672.04,"[0.0 - 687.5]",797.54,15,4.3,143,15,0.19047619047619047,0.7238095238095238,0.06666666666666667,0.009523809523809525,0.009523809523809525,0.0,0.0,0.0,"[687.5 - 1375.0]"
"hp","Pavilion","Intel","Core i3","8th",4,"DDR4",256,0,"Windows","64-bit",0,"Casual",14.0,1,"Yes","Yes",656.87,"[0.0 - 687.5]",1131.809243,20,4.4,71,8,0.8538011695906432,0.14619883040935672,0.0,0.0,0.0,0.0,0.0,0.0,"[0.0 - 687.5]"
"hp","Pavilion","Intel","Core i5","11th",16,"DDR4",512,0,"Windows","64-bit",0,"ThinNlight",14.0,1,"No","Yes",902.14,"[687.5 - 1375.0]",1033.78,12,4.3,10,72,0.19047619047619047,0.7238095238095238,0.06666666666666667,0.009523809523809525,0.009523809523809525,0.0,0.0,0.0,"[687.5 - 1375.0]"
"hp","Pentium","Intel","Pentium Quad","10th",8,"DDR4",256,0,"Windows","64-bit",0,"ThinNlight",14.0,1,"No","Yes",399.54,"[0.0 - 687.5]",446.47,10,4.1,77,9,0.8538011695906432,0.14619883040935672,0.0,0.0,0.0,0.0,0.0,0.0,"[0.0 - 687.5]"
"hp","Ryzen","AMD","Ryzen 3","11th",8,"DDR4",512,0,"Windows","64-bit",0,"ThinNlight",14.0,0,"No","No",526.7,"[0.0 - 687.5]",641.76,17,4.6,163,33,1.0,0.0,0.0,0.0,0.0,0.0,0.0,0.0,"[0.0 - 687.5]"
"hp","Ryzen","AMD","Ryzen 5","11th",4,"DDR4",256,1024,"Windows","64-bit",0,"ThinNlight",15.6,1,"No","No",641.76,"[0.0 - 687.5]",694.33,7,4.4,698,74,0.918918918918919,0.08108108108108109,0.0,0.0,0.0,0.0,0.0,0.0,"[0.0 - 687.5]"
"hp","Ryzen","AMD","Ryzen 5","11th",4,"DDR4",512,0,"Windows","32-bit",0,"Casual",15.6,0,"No","No",634.37,"[0.0 - 687.5]",708.49,10,4.225474684,521,72,0.0,1.0,0.0,0.0,0.0,0.0,0.0,0.0,"[687.5 - 1375.0]"
"hp","Spectre","Intel","Core i5","11th",8,"LPDDR4X",512,0,"Windows","64-bit",0,"Casual",13.3,0,"Yes","No",1186.75,"[687.5 - 1375.0]",1389.72,14,5.0,3,1,0.19047619047619047,0.7238095238095238,0.06666666666666667,0.009523809523809525,0.009523809523809525,0.0,0.0,0.0,"[687.5 - 1375.0]"
"hp","Spectre","Intel","Core i5","11th",8,"LPDDR4X",512,0,"Windows","64-bit",0,"Casual",16.0,1,"Yes","No",1574.41,"[1375.0 - 2062.5]",1882.48,16,4.225474684,521,72,0.19047619047619047,0.7238095238095238,0.06666666666666667,0.009523809523809525,0.009523809523809525,0.0,0.0,0.0,"[687.5 - 1375.0]"
"hp","Spectre","Intel","Core i7","10th",16,"DDR4",512,0,"Windows","64-bit",0,"Casual",16.0,1,"Yes","No",1973.96,"[1375.0 - 2062.5]",2337.13,15,3.3,3,1,0.19047619047619047,0.7238095238095238,0.06666666666666667,0.009523809523809525,0.009523809523809525,0.0,0.0,0.0,"[687.5 - 1375.0]"
"hp","Spectre","Intel","Core i7","11th",16,"LPDDR4X",1024,0,"Windows","64-bit",0,"Casual",16.0,1,"Yes","No",1816.63,"[1375.0 - 2062.5]",2161.37,15,4.225474684,521,72,0.0,0.5,0.5,0.0,0.0,0.0,0.0,0.0,"[687.5 - 1375.0]"
"hp","Spectre","Intel","Core i7","11th",16,"LPDDR4X",1024,0,"Windows","64-bit",0,"Casual",16.0,1,"Yes","No",1998.3,"[1375.0 - 2062.5]",2407.96,17,4.225474684,521,72,0.0,0.5,0.5,0.0,0.0,0.0,0.0,0.0,"[687.5 - 1375.0]"
"infinix","INBook","Intel","Core i3","10th",8,"LPDDR4X",256,0,"Windows","64-bit",0,"ThinNlight",14.0,0,"No","No",399.54,"[0.0 - 687.5]",605.53,34,4.3,1221,265,0.8538011695906432,0.14619883040935672,0.0,0.0,0.0,0.0,0.0,0.0,"[0.0 - 687.5]"
"infinix","INBook","Intel","Core i5","10th",8,"LPDDR4X",512,0,"Windows","64-bit",0,"ThinNlight",14.0,0,"No","No",514.59,"[0.0 - 687.5]",726.64,29,4.1,383,65,0.19047619047619047,0.7238095238095238,0.06666666666666667,0.009523809523809525,0.009523809523809525,0.0,0.0,0.0,"[687.5 - 1375.0]"
"lenovo","APU","AMD","APU Dual","10th",4,"DDR4",0,1024,"Windows","64-bit",0,"Casual",15.6,0,"No","No",265.18,"[0.0 - 687.5]",1131.809243,20,3.9,219,18,0.918918918918919,0.08108108108108109,0.0,0.0,0.0,0.0,0.0,0.0,"[0.0 - 687.5]"
"lenovo","Celeron","Intel","Celeron Dual","10th",4,"DDR4",0,1024,"Windows","32-bit",0,"Casual",15.6,0,"No","No",363.32,"[0.0 - 687.5]",452.95,19,3.3,19,1,0.8538011695906432,0.14619883040935672,0.0,0.0,0.0,0.0,0.0,0.0,"[0.0 - 687.5]"
"lenovo","IdeaPad","AMD","Ryzen 5","11th",8,"DDR4",512,0,"Windows","64-bit",0,"ThinNlight",15.6,1,"No","No",593.31,"[0.0 - 687.5]",835.53,28,4.4,219,27,0.14285714285714285,0.8571428571428571,0.0,0.0,0.0,0.0,0.0,0.0,"[687.5 - 1375.0]"
"lenovo","IdeaPad","AMD","Ryzen 5","11th",8,"DDR4",512,0,"Windows","64-bit",4,"Gaming",15.6,1,"No","Yes",690.2,"[687.5 - 1375.0]",1015.99,32,4.5,162,15,0.14285714285714285,0.8571428571428571,0.0,0.0,0.0,0.0,0.0,0.0,"[687.5 - 1375.0]"
"lenovo","Ideapad","Intel","Core i3","10th",4,"DDR4",256,0,"Windows","64-bit",0,"Casual",15.6,2,"No","Yes",484.43,"[0.0 - 687.5]",726.64,33,4.225474684,521,72,0.8538011695906432,0.14619883040935672,0.0,0.0,0.0,0.0,0.0,0.0,"[0.0 - 687.5]"
"lenovo","IdeaPad","Intel","Core i3","10th",8,"DDR4",0,1024,"Windows","64-bit",0,"ThinNlight",15.6,1,"No","Yes",435.87,"[0.0 - 687.5]",693.84,37,4.0,2124,233,0.8538011695906432,0.14619883040935672,0.0,0.0,0.0,0.0,0.0,0.0,"[0.0 - 687.5]"
"lenovo","IdeaPad","Intel","Core i5","10th",8,"DDR4",256,1024,"Windows","64-bit",4,"Gaming",14.0,0,"No","No",908.31,"[687.5 - 1375.0]",914.38,20,4.3,268,25,0.12,0.64,0.12,0.08,0.0,0.0,0.04,0.0,"[687.5 - 1375.0]"
"lenovo","IdeaPad","Intel","Core i5","11th",16,"DDR4",512,0,"Windows","64-bit",0,"ThinNlight",14.0,0,"No","No",750.76,"[687.5 - 1375.0]",1185.54,36,4.2,56,7,0.19047619047619047,0.7238095238095238,0.06666666666666667,0.009523809523809525,0.009523809523809525,0.0,0.0,0.0,"[687.5 - 1375.0]"
"lenovo","Ideapad","Intel","Core i5","11th",8,"DDR4",512,0,"Windows","64-bit",0,"Casual",14.0,2,"No","Yes",641.76,"[0.0 - 687.5]",900.93,28,4.2,300,24,0.19047619047619047,0.7238095238095238,0.06666666666666667,0.009523809523809525,0.009523809523809525,0.0,0.0,0.0,"[687.5 - 1375.0]"
"lenovo","IdeaPad","Intel","Core i7","11th",16,"DDR4",512,0,"Windows","64-bit",0,"Casual",14.0,1,"Yes","Yes",1041.42,"[687.5 - 1375.0]",1524.65,31,4.4,77,10,0.19047619047619047,0.7238095238095238,0.06666666666666667,0.009523809523809525,0.009523809523809525,0.0,0.0,0.0,"[687.5 - 1375.0]"
"lenovo","IdeaPad","Intel","Ryzen 7","11th",4,"DDR4",512,0,"Windows","32-bit",4,"Casual",16.0,3,"No","Yes",986.92,"[687.5 - 1375.0]",1659.2,40,4.225474684,521,72,0.8333333333333334,0.16666666666666666,0.0,0.0,0.0,0.0,0.0,0.0,"[0.0 - 687.5]"
"lenovo","Legion","Intel","Core i5","9th",8,"DDR4",512,0,"Windows","64-bit",4,"Casual",15.6,0,"No","No",726.54,"[687.5 - 1375.0]",1029.31,29,3.8,9,1,0.19047619047619047,0.7238095238095238,0.06666666666666667,0.009523809523809525,0.009523809523809525,0.0,0.0,0.0,"[687.5 - 1375.0]"
"lenovo","IdeaPad","Intel","Core i3","10th",4,"DDR4",256,0,"Windows","32-bit",0,"Casual",15.6,0,"No","No",496.43,"[0.0 - 687.5]",592.22,16,5.0,1,1,0.8538011695906432,0.14619883040935672,0.0,0.0,0.0,0.0,0.0,0.0,"[0.0 - 687.5]"
"lenovo","IdeaPad","Intel","Core i3","10th",8,"DDR4",512,0,"Windows","64-bit",0,"ThinNlight",15.6,1,"No","No",472.21,"[0.0 - 687.5]",753.18,37,3.9,13,1,0.19047619047619047,0.7238095238095238,0.06666666666666667,0.009523809523809525,0.009523809523809525,0.0,0.0,0.0,"[687.5 - 1375.0]"
"lenovo","IdeaPad","Intel","Core i5","7th",8,"DDR4",0,1024,"Windows","32-bit",2,"Casual",15.6,0,"No","No",702.42,"[687.5 - 1375.0]",1005.2,30,4.225474684,521,72,1.0,0.0,0.0,0.0,0.0,0.0,0.0,0.0,"[0.0 - 687.5]"
"lenovo","Ryzen","AMD","Ryzen 7","11th",4,"DDR4",512,0,"Windows","64-bit",4,"Casual",16.0,1,"No","Yes",1029.28,"[687.5 - 1375.0]",1355.09,24,4.225474684,521,72,0.0,1.0,0.0,0.0,0.0,0.0,0.0,0.0,"[687.5 - 1375.0]"
"lenovo","ThinkBook","Intel","Core i5","11th",8,"DDR4",512,0,"Windows","64-bit",0,"Casual",15.6,1,"No","Yes",726.54,"[687.5 - 1375.0]",1363.79,46,4.4,26,4,0.19047619047619047,0.7238095238095238,0.06666666666666667,0.009523809523809525,0.009523809523809525,0.0,0.0,0.0,"[687.5 - 1375.0]"
"lenovo","ThinkPad","Intel","Core i5","10th",8,"DDR4",512,512,"Windows","64-bit",0,"ThinNlight",16.0,3,"Yes","No",1882.17,"[1375.0 - 2062.5]",1131.809243,20,4.225474684,521,72,0.0,0.3333333333333333,0.6666666666666666,0.0,0.0,0.0,0.0,0.0,"[1375.0 - 2062.5]"
"lenovo","Yoga","AMD","Ryzen 5","11th",4,"DDR4",512,0,"Windows","64-bit",0,"ThinNlight",16.0,1,"Yes","Yes",944.53,"[687.5 - 1375.0]",1270.32,25,4.225474684,521,72,0.14285714285714285,0.8571428571428571,0.0,0.0,0.0,0.0,0.0,0.0,"[687.5 - 1375.0]"
"lenovo","Yoga","Intel","Core i5","10th",8,"LPDDR4",0,512,"DOS","32-bit",0,"Casual",16.0,0,"No","No",1247.31,"[687.5 - 1375.0]",1694.2,26,4.6,79,14,0.0,0.8571428571428571,0.0,0.14285714285714285,0.0,0.0,0.0,0.0,"[687.5 - 1375.0]"
"lenovo","Yoga","Intel","Core i5","11th",8,"DDR4",512,0,"Windows","64-bit",0,"Casual",16.0,1,"No","Yes",1114.19,"[687.5 - 1375.0]",1114.21,20,4.6,16,2,0.19047619047619047,0.7238095238095238,0.06666666666666667,0.009523809523809525,0.009523809523809525,0.0,0.0,0.0,"[687.5 - 1375.0]"
"lg","Gram","Intel","Core i5","10th",8,"DDR4",256,0,"Windows","64-bit",0,"Casual",15.6,0,"No","No",762.87,"[687.5 - 1375.0]",1198.98,36,4.6,68,20,0.8538011695906432,0.14619883040935672,0.0,0.0,0.0,0.0,0.0,0.0,"[0.0 - 687.5]"
"lg","Gram","Intel","Core i5","11th",8,"DDR4",256,0,"Windows","64-bit",0,"ThinNlight",16.0,0,"No","No",932.42,"[687.5 - 1375.0]",1283.76,27,4.225474684,521,72,0.0,0.8571428571428571,0.0,0.14285714285714285,0.0,0.0,0.0,0.0,"[687.5 - 1375.0]"
"lg","Gram","Intel","Core i5","11th",8,"DDR4",256,0,"Windows","64-bit",0,"ThinNlight",16.0,0,"No","No",932.42,"[687.5 - 1375.0]",1283.76,27,4.225474684,521,72,0.0,0.8571428571428571,0.0,0.14285714285714285,0.0,0.0,0.0,0.0,"[687.5 - 1375.0]"
"msi","Bravo","AMD","Ryzen 5","11th",8,"DDR4",512,0,"Windows","64-bit",4,"Casual",15.6,0,"No","No",787.09,"[687.5 - 1375.0]",1017.2,22,4.5,469,80,0.3333333333333333,0.6666666666666666,0.0,0.0,0.0,0.0,0.0,0.0,"[687.5 - 1375.0]"
"msi","GF63","Intel","Core i7","10th",8,"DDR4",256,1024,"Windows","64-bit",4,"Casual",15.6,2,"No","No",774.98,"[687.5 - 1375.0]",1017.2,23,4.3,794,83,0.12,0.64,0.12,0.08,0.0,0.0,0.04,0.0,"[687.5 - 1375.0]"
"msi","GF63","Intel","Core i7","9th",8,"DDR4",512,0,"Windows","64-bit",4,"Casual",15.6,2,"No","No",811.31,"[687.5 - 1375.0]",1271.53,36,4.5,1639,230,0.5909090909090909,0.38636363636363635,0.022727272727272728,0.0,0.0,0.0,0.0,0.0,"[0.0 - 687.5]"
"msi","Modern","Intel","Core i3","11th",8,"DDR4",512,0,"Windows","64-bit",0,"ThinNlight",14.0,0,"No","No",593.31,"[0.0 - 687.5]",600.58,1,4.5,17,3,0.19047619047619047,0.7238095238095238,0.06666666666666667,0.009523809523809525,0.009523809523809525,0.0,0.0,0.0,"[687.5 - 1375.0]"
"msi","Prestige","Intel","Core i5","11th",8,"LPDDR4X",512,0,"Windows","64-bit",0,"Casual",16.0,1,"No","No",968.75,"[687.5 - 1375.0]",1132.24,14,4.9,11,4,0.19047619047619047,0.7238095238095238,0.06666666666666667,0.009523809523809525,0.009523809523809525,0.0,0.0,0.0,"[687.5 - 1375.0]"
"msi","Prestige","Intel","Core i5","11th",8,"LPDDR4X",512,0,"Windows","64-bit",0,"Casual",16.0,1,"No","No",968.75,"[687.5 - 1375.0]",1162.53,16,4.225474684,521,72,0.19047619047619047,0.7238095238095238,0.06666666666666667,0.009523809523809525,0.009523809523809525,0.0,0.0,0.0,"[687.5 - 1375.0]"
"msi","Prestige","Intel","Core i7","10th",16,"DDR4",512,0,"Windows","64-bit",4,"Casual",16.0,1,"No","No",1332.08,"[687.5 - 1375.0]",1634.86,18,4.3,138,30,0.19047619047619047,0.7238095238095238,0.06666666666666667,0.009523809523809525,0.009523809523809525,0.0,0.0,0.0,"[687.5 - 1375.0]"
"msi","Pulse","Intel","Core i5","10th",8,"LPDDR4",0,512,"DOS","32-bit",4,"Casual",16.0,0,"No","No",1327.24,"[687.5 - 1375.0]",1501.63,11,4.6,5,2,0.12,0.64,0.12,0.08,0.0,0.0,0.04,0.0,"[687.5 - 1375.0]"
"msi","Summit","Intel","Core i7","11th",16,"DDR4",1024,0,"Windows","64-bit",4,"Casual",16.0,2,"Yes","No",1877.07,"[1375.0 - 2062.5]",1901.3,1,4.0,3,2,0.0,0.5,0.5,0.0,0.0,0.0,0.0,0.0,"[687.5 - 1375.0]"
"msi","Sword","Intel","Core i7","11th",16,"DDR4",512,0,"Windows","64-bit",4,"Casual",16.0,0,"No","No",1053.53,"[687.5 - 1375.0]",1307.86,19,4.225474684,521,72,0.19047619047619047,0.7238095238095238,0.06666666666666667,0.009523809523809525,0.009523809523809525,0.0,0.0,0.0,"[687.5 - 1375.0]"
"msi","WF65","Intel","Core i7","10th",16,"DDR4",256,1024,"Windows","64-bit",4,"Casual",16.0,3,"No","No",1937.63,"[1375.0 - 2062.5]",2179.85,11,4.225474684,521,72,0.12,0.64,0.12,0.08,0.0,0.0,0.04,0.0,"[687.5 - 1375.0]"
"nokia","PureBook","Intel","Core i5","10th",8,"DDR4",512,0,"Windows","64-bit",0,"ThinNlight",14.0,0,"No","No",556.98,"[0.0 - 687.5]",908.2,38,4.7,6,1,0.19047619047619047,0.7238095238095238,0.06666666666666667,0.009523809523809525,0.009523809523809525,0.0,0.0,0.0,"[687.5 - 1375.0]"
"samsung","Galaxy","Qualcomm","Snapdragon 7c","11th",4,"LPDDR4X",0,512,"Windows","32-bit",0,"Casual",15.6,0,"No","No",472.21,"[0.0 - 687.5]",581.2,18,4.225474684,521,72,0.8394495412844036,0.16055045871559634,0.0,0.0,0.0,0.0,0.0,0.0,"[0.0 - 687.5]"
