"brand","model","processor_brand","processor_name","processor_gnrtn","ram_gb","ram_type","ssd","hdd","os","os_bit","graphic_card_gb","weight","display_size","warranty","Touchscreen","msoffice","discount","star_rating","ratings","reviews","confidence([0.0 - 687.5])","confidence([687.5 - 1375.0])","confidence([1375.0 - 2062.5])","confidence([2062.5 - 2750.0])","confidence([2750.0 - 3437.5])","confidence([4125.0 - 4812.5])","confidence([3437.5 - 4125.0])","confidence([4812.5 - 5500.0])","prediction(latest_price_range)","latest_price_range"
"acer","Aspire","AMD","Ryzen 5","11th",4,"DDR4",512,0,"Windows","64-bit",0,"Casual",15.6,1,"No","No",21,4.4,313,39,0.3901481346031468,0.6098518653968532,0.0,0.0,0.0,0.0,0.0,0.0,"[687.5 - 1375.0]","[0.0 - 687.5]"
"acer","Aspire","AMD","Ryzen 5","11th",4,"DDR4",512,0,"Windows","64-bit",0,"ThinNlight",15.6,1,"No","No",23,4.5,6,1,0.0,1.0,0.0,0.0,0.0,0.0,0.0,0.0,"[687.5 - 1375.0]","[0.0 - 687.5]"
"acer","Aspire","AMD","Ryzen 5","11th",4,"DDR4",512,0,"Windows","64-bit",0,"ThinNlight",15.6,1,"No","No",20,4.225474684,521,72,0.20856488896803196,0.791435111031968,0.0,0.0,0.0,0.0,0.0,0.0,"[687.5 - 1375.0]","[687.5 - 1375.0]"
"acer","Aspire","Intel","Core i5","11th",8,"DDR4",512,0,"Windows","64-bit",0,"Casual",14.0,1,"No","No",10,4.225474684,521,72,0.18622238362992005,0.8137776163700801,0.0,0.0,0.0,0.0,0.0,0.0,"[687.5 - 1375.0]","[687.5 - 1375.0]"
"acer","Aspire","Intel","Core i5","8th",8,"DDR4",0,1024,"Windows","64-bit",2,"Casual",14.0,1,"No","Yes",4,4.1,118,28,0.8022102026002992,0.19778979739970082,0.0,0.0,0.0,0.0,0.0,0.0,"[0.0 - 687.5]","[687.5 - 1375.0]"
"acer","Aspire","Intel","Core i5","11th",8,"DDR5",0,512,"Windows","32-bit",4,"Casual",15.6,0,"No","No",43,4.4,10966,1185,0.205752963548545,0.7942470364514549,0.0,0.0,0.0,0.0,0.0,0.0,"[687.5 - 1375.0]","[0.0 - 687.5]"
"acer","Predator","Intel","Core i7","10th",16,"DDR4",256,1024,"Windows","64-bit",6,"Casual",16.0,1,"No","No",14,4.6,2038,313,0.8118228765204913,0.18817712347950863,0.0,0.0,0.0,0.0,0.0,0.0,"[0.0 - 687.5]","[1375.0 - 2062.5]"
"acer","Swift","Intel","Core i5","8th",8,"DDR4",256,0,"Windows","64-bit",0,"ThinNlight",13.3,1,"No","No",9,3.5,33,7,0.40177076408388146,0.5982292359161185,0.0,0.0,0.0,0.0,0.0,0.0,"[687.5 - 1375.0]","[687.5 - 1375.0]"
"acer","Travelmate","Intel","Core i5","11th",16,"DDR4",256,1024,"Windows","64-bit",0,"Casual",14.0,0,"No","No",26,3.4,8,72,0.6188870946287428,0.3811129053712571,0.0,0.0,0.0,0.0,0.0,0.0,"[0.0 - 687.5]","[687.5 - 1375.0]"
"acer","Travelmate","Intel","Core i5","11th",8,"DDR4",256,1024,"Windows","64-bit",0,"Casual",14.0,0,"No","No",7,3.8,8,3,0.18221387501634606,0.8177861249836539,0.0,0.0,0.0,0.0,0.0,0.0,"[687.5 - 1375.0]","[0.0 - 687.5]"
"alienware","NA","Intel","GeForce GTX","10th",8,"LPDDR4",0,512,"DOS","32-bit",6,"Casual",15.6,0,"No","No",10,4.9,12,72,0.0,0.1994975159435442,0.0,0.4010437712622067,0.0,0.1997796936119183,0.19967901918233083,0.0,"[2062.5 - 2750.0]","[2062.5 - 2750.0]"
"apple","MacBook","M1","M1","10th",16,"DDR4",256,0,"Mac","64-bit",0,"Casual",13.3,1,"No","No",11,4.8,640,70,0.755867536516009,0.24413246348399115,0.0,0.0,0.0,0.0,0.0,0.0,"[0.0 - 687.5]","[1375.0 - 2062.5]"
"apple","MacBook","M1","M1","10th",16,"DDR4",512,0,"Mac","64-bit",0,"Casual",14.2,1,"No","No",5,4.8,42,8,0.0,0.5419233272452184,0.21975642703536377,0.23832024571941787,0.0,0.0,0.0,0.0,"[687.5 - 1375.0]","[2062.5 - 2750.0]"
"apple","MacBook","M1","M1","10th",4,"DDR4",512,0,"Mac","64-bit",0,"Casual",16.0,1,"No","No",5,4.7,45,4,0.0,0.6180890071683308,0.19249632512091258,0.18941466771075666,0.0,0.0,0.0,0.0,"[687.5 - 1375.0]","[1375.0 - 2062.5]"
"apple","MacBook","M1","M1","10th",8,"DDR4",256,0,"Mac","64-bit",0,"Casual",13.3,1,"No","No",8,4.8,640,70,0.75,0.25,0.0,0.0,0.0,0.0,0.0,0.0,"[0.0 - 687.5]","[687.5 - 1375.0]"
"apple","MacBook","M1","M1","10th",8,"DDR4",512,0,"Mac","64-bit",0,"Casual",13.3,1,"No","No",13,4.7,809,91,0.5509906474675741,0.449009352532426,0.0,0.0,0.0,0.0,0.0,0.0,"[0.0 - 687.5]","[687.5 - 1375.0]"
"asus","ASUS","AMD","Ryzen 7","11th",16,"DDR4",512,0,"Windows","32-bit",4,"Gaming",17.3,0,"No","No",28,4.8,22,3,0.0,1.0,0.0,0.0,0.0,0.0,0.0,0.0,"[687.5 - 1375.0]","[687.5 - 1375.0]"
"asus","ASUS","Intel","Core i5","11th",8,"DDR4",1024,0,"Windows","64-bit",4,"Gaming",15.6,0,"No","No",35,4.5,368,48,0.0,0.6148777798336822,0.19256230606714586,0.0,0.19255991409917192,0.0,0.0,0.0,"[687.5 - 1375.0]","[687.5 - 1375.0]"
"asus","ASUS","Intel","Core i7","11th",16,"DDR4",1024,0,"Windows","64-bit",6,"Casual",16.0,1,"No","No",24,4.225474684,521,72,0.0,0.0,0.4230322059328335,0.18254193597367036,0.3944258580934961,0.0,0.0,0.0,"[1375.0 - 2062.5]","[1375.0 - 2062.5]"
"asus","ASUS","Intel","Core i9","11th",16,"DDR4",1024,0,"Windows","64-bit",6,"Gaming",15.6,1,"No","No",3,4.225474684,521,72,0.0,0.0,0.3854483744086067,0.20449480264809408,0.41005682294329926,0.0,0.0,0.0,"[2750.0 - 3437.5]","[1375.0 - 2062.5]"
"asus","Chromebook","Intel","Celeron Dual","10th",4,"LPDDR4",0,512,"Windows","32-bit",0,"Casual",15.6,0,"No","No",20,4.1,974,170,0.8040868890904477,0.0,0.19591311090955238,0.0,0.0,0.0,0.0,0.0,"[0.0 - 687.5]","[0.0 - 687.5]"
"asus","Chromebook","Intel","Celeron Dual","10th",4,"LPDDR4",0,512,"Windows","64-bit",0,"Casual",15.6,0,"No","No",17,3.6,197,25,0.19932620353018876,0.8006737964698113,0.0,0.0,0.0,0.0,0.0,0.0,"[687.5 - 1375.0]","[0.0 - 687.5]"
"asus","EeeBook","Intel","Celeron Dual","10th",4,"DDR4",0,512,"Windows","32-bit",0,"Casual",15.6,0,"No","No",15,3.5,31,3,0.0,0.8042083741712788,0.0,0.19579162582872128,0.0,0.0,0.0,0.0,"[687.5 - 1375.0]","[0.0 - 687.5]"
"asus","ExpertBook","Intel","Core i5","10th",8,"DDR4",0,1024,"Windows","64-bit",0,"Casual",15.6,0,"No","No",11,4.225474684,521,72,1.0,0.0,0.0,0.0,0.0,0.0,0.0,0.0,"[0.0 - 687.5]","[687.5 - 1375.0]"
"asus","ExpertBook","Intel","Core i5","10th",8,"DDR4",0,1024,"Windows","64-bit",2,"Casual",15.6,0,"No","No",20,4.225474684,521,72,0.19511602932568467,0.8048839706743154,0.0,0.0,0.0,0.0,0.0,0.0,"[687.5 - 1375.0]","[687.5 - 1375.0]"
"asus","ExpertBook","Intel","Core i7","10th",16,"LPDDR3",1024,0,"Windows","64-bit",0,"Casual",16.0,0,"No","No",18,4.225474684,521,72,0.0,0.17616522333203166,0.6445038183572938,0.17933095831067458,0.0,0.0,0.0,0.0,"[1375.0 - 2062.5]","[1375.0 - 2062.5]"
"asus","VivoBook","Intel","Core i3","11th",4,"DDR4",256,0,"Windows","32-bit",0,"Casual",15.6,0,"No","No",20,4.225474684,521,72,1.0,0.0,0.0,0.0,0.0,0.0,0.0,0.0,"[0.0 - 687.5]","[0.0 - 687.5]"
"asus","VivoBook","Intel","Core i3","11th",4,"DDR4",256,0,"Windows","64-bit",0,"ThinNlight",14.0,0,"No","No",31,4.1,37,6,1.0,0.0,0.0,0.0,0.0,0.0,0.0,0.0,"[0.0 - 687.5]","[0.0 - 687.5]"
"asus","VivoBook","Intel","Core i5","10th",8,"DDR4",512,0,"Windows","64-bit",0,"ThinNlight",15.6,1,"No","Yes",23,4.3,1625,152,0.4084165441454446,0.5915834558545554,0.0,0.0,0.0,0.0,0.0,0.0,"[687.5 - 1375.0]","[0.0 - 687.5]"
"asus","VivoBook","Intel","Core i5","11th",8,"DDR4",512,0,"Windows","64-bit",0,"ThinNlight",14.0,0,"No","No",18,4.225474684,521,72,0.2012205297526956,0.7987794702473043,0.0,0.0,0.0,0.0,0.0,0.0,"[687.5 - 1375.0]","[687.5 - 1375.0]"
"asus","VivoBook","Intel","Core i7","11th",16,"DDR4",1024,0,"Windows","32-bit",6,"Casual",16.0,0,"No","No",19,4.225474684,521,72,0.0,0.0,0.4010019324822918,0.21819421287326624,0.380803854644442,0.0,0.0,0.0,"[1375.0 - 2062.5]","[1375.0 - 2062.5]"
"asus","Pentium","Intel","Pentium Quad","10th",4,"DDR4",0,1024,"Windows","64-bit",0,"Casual",15.6,1,"No","No",35,3.7,4741,658,1.0,0.0,0.0,0.0,0.0,0.0,0.0,0.0,"[0.0 - 687.5]","[0.0 - 687.5]"
"asus","Pentium","Intel","Pentium Quad","11th",4,"DDR4",128,0,"Windows","32-bit",0,"Casual",14.0,0,"Yes","No",16,4.225474684,521,72,0.7530707520426181,0.0,0.2469292479573818,0.0,0.0,0.0,0.0,0.0,"[0.0 - 687.5]","[687.5 - 1375.0]"
"asus","ROG","AMD","Ryzen 7","11th",4,"DDR4",1024,0,"Windows","64-bit",0,"Casual",16.0,1,"No","Yes",40,5.0,1,1,0.0,0.4036120435991699,0.5963879564008301,0.0,0.0,0.0,0.0,0.0,"[1375.0 - 2062.5]","[687.5 - 1375.0]"
"asus","ROG","AMD","Ryzen 7","11th",4,"DDR5",512,0,"Windows","32-bit",4,"Casual",16.0,1,"No","No",15,4.225474684,521,72,0.0,1.0,0.0,0.0,0.0,0.0,0.0,0.0,"[687.5 - 1375.0]","[687.5 - 1375.0]"
"asus","ROG","Intel","Core i5","10th",8,"DDR4",1024,0,"Windows","64-bit",4,"Casual",15.6,1,"No","No",48,4.5,187,26,0.0,0.5828560872934141,0.41714391270658585,0.0,0.0,0.0,0.0,0.0,"[687.5 - 1375.0]","[687.5 - 1375.0]"
"asus","ROG","Intel","Core i9","12th",16,"DDR5",1024,0,"Windows","64-bit",6,"Casual",16.0,0,"No","No",20,4.225474684,521,72,0.0,0.0,0.40919438166344113,0.21226207578114142,0.37854354255541744,0.0,0.0,0.0,"[1375.0 - 2062.5]","[3437.5 - 4125.0]"
"asus","Ryzen","AMD","Ryzen 5","11th",4,"DDR4",512,0,"Windows","64-bit",0,"ThinNlight",15.6,1,"No","Yes",23,4.5,14,2,0.0,1.0,0.0,0.0,0.0,0.0,0.0,0.0,"[687.5 - 1375.0]","[0.0 - 687.5]"
"asus","Ryzen","AMD","Ryzen 9","8th",4,"DDR4",1024,0,"Windows","64-bit",4,"Casual",16.0,1,"No","No",20,4.225474684,521,72,0.0,0.18607963522084714,0.8139203647791529,0.0,0.0,0.0,0.0,0.0,"[1375.0 - 2062.5]","[1375.0 - 2062.5]"
"asus","TUF","Intel","Core i5","11th",8,"DDR4",512,0,"Windows","64-bit",4,"Casual",15.6,1,"No","No",27,4.225474684,521,72,0.0,1.0,0.0,0.0,0.0,0.0,0.0,0.0,"[687.5 - 1375.0]","[687.5 - 1375.0]"
"asus","VivoBook","AMD","Ryzen 5","11th",8,"DDR4",512,0,"Windows","64-bit",0,"Casual",14.0,1,"No","No",20,4.4,324,34,0.6036088387154109,0.39639116128458907,0.0,0.0,0.0,0.0,0.0,0.0,"[0.0 - 687.5]","[687.5 - 1375.0]"
"asus","VivoBook","AMD","Ryzen 7","11th",4,"DDR4",512,0,"Windows","64-bit",0,"Casual",16.0,1,"No","Yes",24,4.225474684,521,72,0.20732436383805536,0.7926756361619447,0.0,0.0,0.0,0.0,0.0,0.0,"[687.5 - 1375.0]","[687.5 - 1375.0]"
"asus","VivoBook","Intel","Core i3","10th",4,"DDR4",512,0,"Windows","64-bit",0,"Casual",15.6,1,"No","No",18,4.4,4008,519,0.6235648743899564,0.37643512561004355,0.0,0.0,0.0,0.0,0.0,0.0,"[0.0 - 687.5]","[0.0 - 687.5]"
"asus","VivoBook","Intel","Core i3","10th",8,"DDR4",0,1024,"Windows","64-bit",0,"Casual",15.6,0,"No","No",25,2.0,12,72,1.0,0.0,0.0,0.0,0.0,0.0,0.0,0.0,"[0.0 - 687.5]","[0.0 - 687.5]"
"asus","VivoBook","Intel","Core i3","10th",8,"DDR4",512,0,"Windows","64-bit",0,"Casual",15.6,1,"No","No",25,4.3,990,108,0.6140658390815484,0.38593416091845156,0.0,0.0,0.0,0.0,0.0,0.0,"[0.0 - 687.5]","[0.0 - 687.5]"
"asus","VivoBook","Intel","Core i3","11th",8,"DDR4",0,1024,"Windows","64-bit",0,"Casual",15.6,1,"No","No",25,3.9,13,72,1.0,0.0,0.0,0.0,0.0,0.0,0.0,0.0,"[0.0 - 687.5]","[0.0 - 687.5]"
"asus","VivoBook","Intel","Core i3","11th",8,"DDR4",256,0,"Windows","64-bit",0,"Casual",15.6,1,"No","No",25,3.8,19,3,0.6195594254339842,0.3804405745660157,0.0,0.0,0.0,0.0,0.0,0.0,"[0.0 - 687.5]","[0.0 - 687.5]"
"asus","VivoBook","Intel","Core i3","11th",8,"DDR4",512,0,"Windows","64-bit",0,"Casual",15.6,1,"No","No",22,4.5,174,30,0.4069972500182612,0.5930027499817387,0.0,0.0,0.0,0.0,0.0,0.0,"[687.5 - 1375.0]","[0.0 - 687.5]"
"asus","VivoBook","Intel","Core i3","11th",8,"LPDDR4X",512,0,"Windows","32-bit",0,"Casual",14.0,1,"Yes","Yes",23,4.7,6,2,0.0,1.0000000000000002,0.0,0.0,0.0,0.0,0.0,0.0,"[687.5 - 1375.0]","[0.0 - 687.5]"
"asus","VivoBook","Intel","Core i5","11th",16,"DDR4",256,1024,"Windows","64-bit",0,"Casual",15.6,1,"No","No",24,4.7,10,1,0.3861904849069281,0.6138095150930719,0.0,0.0,0.0,0.0,0.0,0.0,"[687.5 - 1375.0]","[687.5 - 1375.0]"
"asus","VivoBook","Intel","Core i5","11th",16,"DDR4",256,1024,"Windows","64-bit",0,"Casual",15.6,1,"No","Yes",24,4.3,328,51,0.39937468730987613,0.6006253126901238,0.0,0.0,0.0,0.0,0.0,0.0,"[687.5 - 1375.0]","[687.5 - 1375.0]"
"asus","VivoBook","Intel","Core i5","11th",16,"DDR4",512,0,"Windows","64-bit",0,"Casual",17.3,1,"Yes","Yes",31,4.225474684,521,72,0.0,1.0,0.0,0.0,0.0,0.0,0.0,0.0,"[687.5 - 1375.0]","[687.5 - 1375.0]"
"asus","VivoBook","Intel","Core i5","11th",8,"DDR4",256,0,"Windows","64-bit",0,"ThinNlight",15.6,1,"No","No",16,4.225474684,521,72,0.7938686785063609,0.20613132149363905,0.0,0.0,0.0,0.0,0.0,0.0,"[0.0 - 687.5]","[0.0 - 687.5]"
"asus","VivoBook","Intel","Core i5","8th",8,"DDR4",512,0,"Windows","64-bit",0,"ThinNlight",15.6,1,"No","No",8,4.4,19,3,0.0,1.0,0.0,0.0,0.0,0.0,0.0,0.0,"[687.5 - 1375.0]","[0.0 - 687.5]"
"asus","VivoBook","Intel","Pentium Silver","10th",4,"DDR4",256,0,"Windows","64-bit",0,"ThinNlight",14.0,0,"No","No",23,4.0,36,3,0.8217177927043089,0.1782822072956911,0.0,0.0,0.0,0.0,0.0,0.0,"[0.0 - 687.5]","[0.0 - 687.5]"
"asus","VivoBook14","Intel","Core i5","11th",8,"DDR4",256,0,"Windows","64-bit",0,"ThinNlight",14.1,1,"No","No",25,4.225474684,521,72,0.8096894072589891,0.19031059274101092,0.0,0.0,0.0,0.0,0.0,0.0,"[0.0 - 687.5]","[0.0 - 687.5]"
"asus","Zenbook","AMD","Ryzen 7","11th",16,"LPDDR4X",1024,0,"Windows","64-bit",0,"Casual",14.0,0,"Yes","No",19,4.225474684,521,72,0.0,0.1997781342768749,0.6200350850838618,0.18018678063926322,0.0,0.0,0.0,0.0,"[1375.0 - 2062.5]","[687.5 - 1375.0]"
"asus","Zenbook","Intel","Core i5","11th",8,"LPDDR4X",512,0,"Windows","64-bit",0,"ThinNlight",16.0,0,"No","No",23,4.225474684,521,72,0.3907794795295572,0.39694226832126145,0.21227825214918136,0.0,0.0,0.0,0.0,0.0,"[687.5 - 1375.0]","[687.5 - 1375.0]"
"asus","ZenBook","Intel","Core i7","11th",16,"LPDDR4X",1024,0,"Windows","64-bit",0,"Casual",16.0,1,"Yes","No",24,4.8,8,1,0.0,0.20404613249705297,0.40930053964202084,0.19590743376425981,0.1907458940966663,0.0,0.0,0.0,"[1375.0 - 2062.5]","[1375.0 - 2062.5]"
"asus","ZenBook","Intel","Core i7","11th",16,"LPDDR4X",512,0,"Windows","64-bit",0,"Casual",13.3,1,"No","Yes",22,4.225474684,521,72,0.0,1.0,0.0,0.0,0.0,0.0,0.0,0.0,"[687.5 - 1375.0]","[687.5 - 1375.0]"
"asus","ZenBook","Intel","Ever Screenpad","10th",4,"DDR4",0,512,"DOS","64-bit",4,"Casual",16.0,0,"No","No",20,5.0,4,72,0.0,0.19969062026022064,0.0,0.40005228237619866,0.0,0.1998264946936434,0.20043060266993729,0.0,"[2062.5 - 2750.0]","[2062.5 - 2750.0]"
"asus","Zephyrus","AMD","Ryzen 7","11th",4,"DDR4",1024,0,"Windows","64-bit",0,"Casual",16.0,1,"No","No",19,4.225474684,521,72,0.0,0.0,1.0,0.0,0.0,0.0,0.0,0.0,"[1375.0 - 2062.5]","[687.5 - 1375.0]"
"avita","Cosmos","Intel","Celeron Dual","10th",4,"DDR4",0,512,"Windows","64-bit",0,"Casual",15.6,0,"No","No",25,3.6,1120,196,0.6408238992247902,0.20173514603281392,0.1574409547423959,0.0,0.0,0.0,0.0,0.0,"[0.0 - 687.5]","[0.0 - 687.5]"
"avita","Liber","Intel","Core i5","8th",8,"DDR4",512,0,"Windows","64-bit",0,"ThinNlight",14.0,0,"No","No",41,3.4,17,3,0.0,1.0,0.0,0.0,0.0,0.0,0.0,0.0,"[687.5 - 1375.0]","[0.0 - 687.5]"
"avita","Liber","Intel","Core i5","8th",8,"DDR4",512,0,"Windows","64-bit",0,"ThinNlight",14.0,0,"No","No",5,3.4,17,3,0.0,1.0,0.0,0.0,0.0,0.0,0.0,0.0,"[687.5 - 1375.0]","[687.5 - 1375.0]"
"avita","Liber","Intel","Core i7","10th",16,"DDR4",1024,0,"Windows","64-bit",0,"ThinNlight",14.0,0,"No","No",24,3.9,207,49,0.0,0.5412621954500941,0.4587378045499059,0.0,0.0,0.0,0.0,0.0,"[687.5 - 1375.0]","[687.5 - 1375.0]"
"avita","Liber","Intel","Core i7","8th",8,"DDR4",256,0,"Windows","64-bit",0,"ThinNlight",14.0,0,"No","No",7,4.225474684,521,72,0.0,1.0,0.0,0.0,0.0,0.0,0.0,0.0,"[687.5 - 1375.0]","[687.5 - 1375.0]"
"avita","PURA","AMD","APU Dual","10th",8,"DDR4",256,0,"Windows","64-bit",0,"ThinNlight",14.0,0,"No","No",25,3.7,1657,234,1.0,0.0,0.0,0.0,0.0,0.0,0.0,0.0,"[0.0 - 687.5]","[0.0 - 687.5]"
"dell","G15","Intel","GEFORCE RTX","10th",4,"DDR4",0,512,"DOS","32-bit",4,"Casual",16.0,0,"No","No",22,4.3,20,5,0.0,0.42676669141323,0.0,0.57323330858677,0.0,0.0,0.0,0.0,"[2062.5 - 2750.0]","[687.5 - 1375.0]"
"dell","G7","Intel","GeForce RTX","10th",8,"LPDDR4",0,512,"DOS","32-bit",8,"Casual",15.6,0,"No","No",20,4.5,17,2,0.0,0.2049142619022703,0.0,0.5982699587983119,0.0,0.0,0.19681577929941776,0.0,"[2062.5 - 2750.0]","[2062.5 - 2750.0]"
"dell","Inspiron","AMD","Ryzen 3","11th",8,"DDR4",0,1024,"Windows","64-bit",0,"ThinNlight",14.96,0,"No","No",22,3.1,18,4,0.7769372279343998,0.2230627720656001,0.0,0.0,0.0,0.0,0.0,0.0,"[0.0 - 687.5]","[0.0 - 687.5]"
"dell","Inspiron","AMD","Ryzen 3","11th",8,"DDR4",256,0,"Windows","64-bit",0,"ThinNlight",14.96,0,"No","No",26,4.2,137,15,0.5920116343089308,0.40798836569106917,0.0,0.0,0.0,0.0,0.0,0.0,"[0.0 - 687.5]","[0.0 - 687.5]"
"dell","Inspiron","AMD","Ryzen 5","11th",4,"DDR4",256,0,"Windows","64-bit",0,"ThinNlight",15.6,1,"No","No",21,4.0,276,24,0.9999999999999999,0.0,0.0,0.0,0.0,0.0,0.0,0.0,"[0.0 - 687.5]","[0.0 - 687.5]"
"dell","Inspiron","AMD","Ryzen 5","11th",4,"DDR4",512,0,"Windows","64-bit",0,"Casual",15.6,1,"Yes","Yes",19,4.225474684,521,72,0.5705741293622543,0.42942587063774573,0.0,0.0,0.0,0.0,0.0,0.0,"[0.0 - 687.5]","[687.5 - 1375.0]"
"dell","Inspiron","AMD","Ryzen 5","11th",8,"DDR4",256,0,"Windows","64-bit",0,"ThinNlight",15.6,1,"No","No",23,4.2,14,1,0.6053188766235856,0.39468112337641437,0.0,0.0,0.0,0.0,0.0,0.0,"[0.0 - 687.5]","[0.0 - 687.5]"
"dell","Inspiron","Intel","Core i3","10th",4,"DDR4",0,1024,"Windows","64-bit",0,"ThinNlight",15.6,1,"No","No",27,3.8,15,1,0.805991656295965,0.19400834370403494,0.0,0.0,0.0,0.0,0.0,0.0,"[0.0 - 687.5]","[0.0 - 687.5]"
"dell","Inspiron","Intel","Core i3","10th",4,"DDR4",256,0,"Windows","64-bit",0,"Casual",15.0,1,"No","Yes",28,4.4,634,64,0.765332378479153,0.23466762152084708,0.0,0.0,0.0,0.0,0.0,0.0,"[0.0 - 687.5]","[0.0 - 687.5]"
"dell","Inspiron","Intel","Core i3","10th",4,"DDR4",256,0,"Windows","64-bit",0,"ThinNlight",15.6,1,"No","No",19,4.0,44,2,0.8147817126576584,0.18521828734234158,0.0,0.0,0.0,0.0,0.0,0.0,"[0.0 - 687.5]","[0.0 - 687.5]"
"dell","Inspiron","Intel","Core i3","10th",4,"DDR4",256,1024,"Windows","64-bit",0,"Casual",15.6,1,"No","No",25,4.3,9,72,0.6203615029961562,0.3796384970038438,0.0,0.0,0.0,0.0,0.0,0.0,"[0.0 - 687.5]","[0.0 - 687.5]"
"dell","Inspiron","Intel","Core i3","11th",8,"DDR4",256,0,"Windows","64-bit",0,"ThinNlight",14.96,0,"No","No",27,4.2,216,21,1.0,0.0,0.0,0.0,0.0,0.0,0.0,0.0,"[0.0 - 687.5]","[0.0 - 687.5]"
"dell","Inspiron","Intel","Core i3","11th",8,"DDR4",256,1024,"Windows","64-bit",0,"ThinNlight",15.6,1,"No","No",18,4.1,724,92,0.2143734733264718,0.7856265266735283,0.0,0.0,0.0,0.0,0.0,0.0,"[687.5 - 1375.0]","[0.0 - 687.5]"
"dell","Inspiron","Intel","Core i5","11th",8,"DDR4",256,1024,"Windows","64-bit",0,"Casual",15.6,1,"No","No",22,4.2,47,72,0.8076748552951643,0.1923251447048358,0.0,0.0,0.0,0.0,0.0,0.0,"[0.0 - 687.5]","[687.5 - 1375.0]"
"dell","Inspiron","Intel","Core i5","11th",8,"DDR4",512,0,"Windows","64-bit",0,"Casual",15.6,1,"Yes","Yes",20,4.7,98,6,0.0,1.0,0.0,0.0,0.0,0.0,0.0,0.0,"[687.5 - 1375.0]","[687.5 - 1375.0]"
"dell","Inspiron","Intel","Core i5","11th",8,"DDR4",512,0,"Windows","64-bit",0,"Casual",14.0,1,"Yes","Yes",5,4.4,45,5,0.0,0.6048187575262698,0.2007575846724255,0.19442365780130472,0.0,0.0,0.0,0.0,"[687.5 - 1375.0]","[687.5 - 1375.0]"
"dell","Inspiron","Intel","Core i5","11th",8,"DDR4",512,0,"Windows","64-bit",0,"ThinNlight",14.0,0,"No","No",21,3.8,31,7,0.5861620043898591,0.4138379956101409,0.0,0.0,0.0,0.0,0.0,0.0,"[0.0 - 687.5]","[687.5 - 1375.0]"
"dell","Inspiron","Intel","Core i5","11th",8,"DDR4",512,0,"Windows","64-bit",0,"ThinNlight",14.0,0,"No","No",2,3.9,24,4,0.0,1.0,0.0,0.0,0.0,0.0,0.0,0.0,"[687.5 - 1375.0]","[687.5 - 1375.0]"
"dell","Inspiron","Intel","Core i5","11th",8,"DDR4",512,0,"Windows","64-bit",2,"Casual",14.0,1,"No","Yes",6,4.4,138,23,0.1950661489681888,0.5888024977514958,0.21613135328031532,0.0,0.0,0.0,0.0,0.0,"[687.5 - 1375.0]","[687.5 - 1375.0]"
"dell","Inspiron","Intel","Core i5","11th",8,"DDR4",512,0,"Windows","64-bit",2,"ThinNlight",15.6,3,"No","No",16,4.225474684,521,72,0.19863336712109195,0.6010460177347622,0.2003206151441459,0.0,0.0,0.0,0.0,0.0,"[687.5 - 1375.0]","[687.5 - 1375.0]"
"dell","Inspiron","Intel","Core i5","8th",8,"DDR4",0,2048,"Windows","64-bit",2,"Casual",15.6,1,"No","Yes",20,4.0,377,53,1.0,0.0,0.0,0.0,0.0,0.0,0.0,0.0,"[0.0 - 687.5]","[687.5 - 1375.0]"
"dell","Inspiron","Intel","Core i7","11th",16,"DDR4",1024,0,"Windows","64-bit",2,"Casual",16.0,1,"No","Yes",23,4.8,4,72,0.0,0.20234273972917735,0.5930868560496056,0.204570404221217,0.0,0.0,0.0,0.0,"[1375.0 - 2062.5]","[687.5 - 1375.0]"
"dell","Insprion","Intel","Core i3","11th",8,"DDR4",0,1024,"Windows","32-bit",0,"Casual",15.6,0,"No","No",15,3.8,25,4,0.41434726672135963,0.5856527332786403,0.0,0.0,0.0,0.0,0.0,0.0,"[687.5 - 1375.0]","[0.0 - 687.5]"
"dell","Inspiron","Intel","Core i3","11th",4,"DDR4",0,1024,"Windows","32-bit",0,"Casual",15.6,0,"No","No",4,3.9,16,72,1.0,0.0,0.0,0.0,0.0,0.0,0.0,0.0,"[0.0 - 687.5]","[0.0 - 687.5]"
"dell","Inspiron","Intel","Core i3","11th",8,"DDR4",256,0,"Windows","64-bit",0,"Casual",15.6,1,"No","No",17,4.225474684,521,72,0.6187548497725487,0.38124515022745137,0.0,0.0,0.0,0.0,0.0,0.0,"[0.0 - 687.5]","[0.0 - 687.5]"
"dell","Inspiron","Intel","Core i5","11th",8,"DDR4",0,1024,"Windows","32-bit",0,"Casual",14.0,0,"No","No",14,4.225474684,521,72,0.802010608697035,0.19798939130296497,0.0,0.0,0.0,0.0,0.0,0.0,"[0.0 - 687.5]","[687.5 - 1375.0]"
"dell","Inspiron","Intel","Core i5","11th",8,"DDR4",512,0,"Windows","64-bit",0,"ThinNlight",14.0,1,"No","No",16,3.0,4,1,0.6111029885162673,0.18298780124051606,0.2059092102432166,0.0,0.0,0.0,0.0,0.0,"[0.0 - 687.5]","[687.5 - 1375.0]"
"dell","Ryzen","AMD","Ryzen 5","11th",4,"DDR4",256,1024,"Windows","32-bit",0,"Casual",15.6,0,"No","No",21,4.225474684,521,72,0.6193150144481187,0.38068498555188146,0.0,0.0,0.0,0.0,0.0,0.0,"[0.0 - 687.5]","[0.0 - 687.5]"
"dell","Ryzen","AMD","Ryzen 5","11th",4,"DDR4",512,0,"Windows","64-bit",4,"Casual",16.0,1,"No","No",2,4.225474684,521,72,0.19682316618149137,0.5990470988824977,0.20412973493601086,0.0,0.0,0.0,0.0,0.0,"[687.5 - 1375.0]","[687.5 - 1375.0]"
"dell","Vostro","AMD","Ryzen 5","11th",8,"DDR4",512,0,"Windows","64-bit",0,"ThinNlight",14.0,0,"No","No",23,2.5,2,1,0.19552292032486632,0.6093860198524836,0.19509105982265001,0.0,0.0,0.0,0.0,0.0,"[687.5 - 1375.0]","[0.0 - 687.5]"
"dell","Vostro","Intel","Core i3","10th",8,"DDR4",256,0,"Windows","64-bit",0,"ThinNlight",14.0,1,"No","Yes",8,4.3,1267,171,1.0,0.0,0.0,0.0,0.0,0.0,0.0,0.0,"[0.0 - 687.5]","[0.0 - 687.5]"
"dell","Vostro","Intel","Core i3","11th",4,"DDR4",256,1024,"Windows","64-bit",0,"ThinNlight",14.0,1,"No","Yes",20,4.1,62,7,0.633261721124069,0.366738278875931,0.0,0.0,0.0,0.0,0.0,0.0,"[0.0 - 687.5]","[0.0 - 687.5]"
"dell","Vostro","Intel","Core i3","11th",4,"DDR4",256,1024,"Windows","64-bit",0,"ThinNlight",15.6,1,"No","Yes",24,4.225474684,521,72,0.8289678420459436,0.17103215795405624,0.0,0.0,0.0,0.0,0.0,0.0,"[0.0 - 687.5]","[0.0 - 687.5]"
"dell","Vostro","Intel","Core i5","11th",8,"DDR4",256,1024,"Windows","64-bit",0,"ThinNlight",14.0,1,"No","Yes",31,3.8,353,28,0.4127508752649285,0.5872491247350715,0.0,0.0,0.0,0.0,0.0,0.0,"[687.5 - 1375.0]","[0.0 - 687.5]"
"dell","Vostro","Intel","Core i5","11th",8,"DDR4",512,0,"Windows","64-bit",2,"Casual",14.0,1,"No","Yes",24,4.225474684,521,72,0.3960411061779156,0.42102682161695415,0.1829320722051302,0.0,0.0,0.0,0.0,0.0,"[687.5 - 1375.0]","[687.5 - 1375.0]"
"hp","430","Intel","Core i5","11th",8,"DDR4",512,0,"Windows","32-bit",0,"Casual",16.0,0,"No","No",4,4.225474684,521,72,0.0,0.772072846475715,0.22792715352428514,0.0,0.0,0.0,0.0,0.0,"[687.5 - 1375.0]","[687.5 - 1375.0]"
"hp","15-ec1105AX","AMD","Ryzen 5","11th",8,"DDR4",512,0,"Windows","64-bit",4,"Casual",15.6,1,"No","No",15,4.5,1049,134,0.5785395634453918,0.4214604365546082,0.0,0.0,0.0,0.0,0.0,0.0,"[0.0 - 687.5]","[687.5 - 1375.0]"
"hp","15s","Intel","Core i3","11th",4,"DDR4",512,0,"Windows","32-bit",0,"ThinNlight",15.6,1,"No","No",1,4.225474684,521,72,0.20297674103148464,0.5904071932787612,0.20661606568975416,0.0,0.0,0.0,0.0,0.0,"[687.5 - 1375.0]","[0.0 - 687.5]"
"hp","15s","Intel","Core i5","10th",8,"LPDDR4",0,512,"DOS","32-bit",0,"ThinNlight",14.0,0,"No","No",11,4.0,818,109,0.6290121522336323,0.0,0.37098784776636773,0.0,0.0,0.0,0.0,0.0,"[0.0 - 687.5]","[0.0 - 687.5]"
"hp","APU","AMD","APU Dual","10th",4,"DDR4",0,1024,"Windows","32-bit",0,"Casual",14.0,0,"No","No",8,3.9,1185,141,1.0,0.0,0.0,0.0,0.0,0.0,0.0,0.0,"[0.0 - 687.5]","[0.0 - 687.5]"
"hp","Athlon","AMD","Athlon Dual","10th",32,"DDR4",32,0,"Windows","32-bit",4,"Casual",14.0,0,"No","No",2,4.225474684,521,72,0.0,0.7753291747295831,0.2246708252704169,0.0,0.0,0.0,0.0,0.0,"[687.5 - 1375.0]","[0.0 - 687.5]"
"hp","Chromebook","Intel","Celeron Dual","10th",4,"DDR4",0,512,"Windows","64-bit",0,"Casual",15.6,0,"No","No",11,3.8,596,65,0.8086510849323982,0.0,0.19134891506760188,0.0,0.0,0.0,0.0,0.0,"[0.0 - 687.5]","[0.0 - 687.5]"
"hp","Envy","AMD","Ryzen 5","11th",16,"DDR4",512,0,"Windows","64-bit",0,"Casual",13.3,1,"Yes","Yes",20,4.225474684,521,72,0.0,0.8027359890216225,0.0,0.0,0.19726401097837748,0.0,0.0,0.0,"[687.5 - 1375.0]","[687.5 - 1375.0]"
"hp","Envy","Intel","Core i7","11th",16,"DDR4",512,0,"Windows","64-bit",0,"Casual",16.0,1,"Yes","Yes",12,4.225474684,521,72,0.0,0.7980625097520847,0.20193749024791538,0.0,0.0,0.0,0.0,0.0,"[687.5 - 1375.0]","[687.5 - 1375.0]"
"hp","HP","AMD","Ryzen 7","11th",16,"DDR4",1024,0,"Windows","64-bit",0,"ThinNlight",13.3,1,"Yes","Yes",17,4.225474684,521,72,0.0,0.19034925448883924,0.6213364792675005,0.0,0.18831426624366027,0.0,0.0,0.0,"[1375.0 - 2062.5]","[687.5 - 1375.0]"
"hp","Pavilion","Intel","Core i3","11th",4,"DDR4",512,0,"Windows","64-bit",0,"ThinNlight",15.6,1,"No","Yes",6,4.3,1605,215,0.5667516395641422,0.4332483604358578,0.0,0.0,0.0,0.0,0.0,0.0,"[0.0 - 687.5]","[0.0 - 687.5]"
"hp","Pavilion","Intel","Core i3","11th",8,"DDR4",512,0,"Windows","64-bit",0,"Casual",15.6,1,"No","No",11,4.1,117,11,0.20217360087767355,0.5995140152472693,0.0,0.19831238387505717,0.0,0.0,0.0,0.0,"[687.5 - 1375.0]","[0.0 - 687.5]"
"hp","Pavilion","Intel","Core i3","11th",8,"DDR4",512,0,"Windows","64-bit",0,"ThinNlight",15.6,1,"No","Yes",25,4.4,158,18,0.448347830342544,0.5516521696574559,0.0,0.0,0.0,0.0,0.0,0.0,"[687.5 - 1375.0]","[0.0 - 687.5]"
"hp","Pavilion","Intel","Core i5","11th",8,"DDR4",512,0,"Windows","32-bit",0,"ThinNlight",14.0,1,"No","Yes",26,4.0,4,1,0.2131134160224262,0.7868865839775738,0.0,0.0,0.0,0.0,0.0,0.0,"[687.5 - 1375.0]","[687.5 - 1375.0]"
"hp","Pavilion","Intel","Core i5","7th",4,"DDR4",0,1024,"Windows","64-bit",0,"Casual",15.6,1,"No","No",20,4.1,122,12,0.80858123020129,0.19141876979870995,0.0,0.0,0.0,0.0,0.0,0.0,"[0.0 - 687.5]","[0.0 - 687.5]"
"hp","OMEN","Intel","Core i7","11th",16,"DDR4",1024,0,"Windows","64-bit",4,"Casual",16.0,0,"No","No",11,4.225474684,521,72,0.0,0.0,0.3834683918163556,0.21421853215594294,0.4023130760277015,0.0,0.0,0.0,"[2750.0 - 3437.5]","[1375.0 - 2062.5]"
"hp","OMEN","Intel","Core i7","11th",16,"DDR4",1024,0,"Windows","64-bit",4,"Casual",16.0,0,"No","No",11,4.225474684,521,72,0.0,0.0,0.3834683918163556,0.21421853215594294,0.4023130760277015,0.0,0.0,0.0,"[2750.0 - 3437.5]","[1375.0 - 2062.5]"
"hp","OMEN","Intel","Core i7","11th",16,"DDR4",1024,0,"Windows","64-bit",8,"Casual",16.0,1,"No","Yes",13,4.225474684,521,72,0.0,0.0,0.22514866632324274,0.3744653019081108,0.4003860317686465,0.0,0.0,0.0,"[2750.0 - 3437.5]","[2062.5 - 2750.0]"
"hp","Pavilion","AMD","Ryzen 5","11th",16,"DDR4",512,0,"Windows","64-bit",2,"Casual",14.0,1,"No","Yes",14,4.2,90,13,0.0,1.0,0.0,0.0,0.0,0.0,0.0,0.0,"[687.5 - 1375.0]","[687.5 - 1375.0]"
"hp","Pavilion","AMD","Ryzen 5","11th",8,"DDR4",512,0,"Windows","64-bit",4,"Casual",15.6,1,"No","Yes",16,4.7,16,4,0.3840739914674551,0.6159260085325449,0.0,0.0,0.0,0.0,0.0,0.0,"[687.5 - 1375.0]","[687.5 - 1375.0]"
"hp","Pavilion","AMD","Ryzen 7","11th",16,"DDR4",1024,0,"Windows","64-bit",0,"ThinNlight",13.3,1,"No","Yes",23,4.225474684,521,72,0.0,0.4152037511186111,0.39472524521489,0.19007100366649896,0.0,0.0,0.0,0.0,"[687.5 - 1375.0]","[687.5 - 1375.0]"
"hp","Pavilion","AMD","Ryzen 7","11th",16,"DDR4",256,1024,"Windows","64-bit",4,"Gaming",15.6,1,"No","Yes",18,4.5,1084,123,0.6012040478631628,0.3987959521368373,0.0,0.0,0.0,0.0,0.0,0.0,"[0.0 - 687.5]","[687.5 - 1375.0]"
"hp","Pavilion","AMD","Ryzen 7","11th",16,"DDR4",512,0,"Windows","64-bit",4,"Gaming",15.6,1,"No","Yes",23,2.8,4,2,0.0,0.7974410082240999,0.2025589917759001,0.0,0.0,0.0,0.0,0.0,"[687.5 - 1375.0]","[687.5 - 1375.0]"
"hp","Pavilion","Intel","Core i3","11th",4,"DDR4",512,0,"Windows","64-bit",0,"Casual",15.6,1,"Yes","Yes",20,4.225474684,521,72,0.3894547728661911,0.6105452271338088,0.0,0.0,0.0,0.0,0.0,0.0,"[687.5 - 1375.0]","[687.5 - 1375.0]"
"hp","Pavilion","Intel","Core i3","11th",8,"DDR4",256,0,"Windows","64-bit",0,"Casual",14.0,1,"Yes","Yes",14,4.6,14,72,0.8016518876676012,0.1983481123323987,0.0,0.0,0.0,0.0,0.0,0.0,"[0.0 - 687.5]","[0.0 - 687.5]"
"hp","Pavilion","Intel","Core i3","11th",8,"DDR4",512,0,"Windows","64-bit",0,"Casual",14.0,1,"Yes","Yes",15,4.3,143,15,0.40668506245391844,0.3939417388526907,0.19937319869339087,0.0,0.0,0.0,0.0,0.0,"[0.0 - 687.5]","[0.0 - 687.5]"
"hp","Pavilion","Intel","Core i3","8th",4,"DDR4",256,0,"Windows","64-bit",0,"Casual",14.0,1,"Yes","Yes",20,4.4,71,8,1.0,0.0,0.0,0.0,0.0,0.0,0.0,0.0,"[0.0 - 687.5]","[0.0 - 687.5]"
"hp","Pavilion","Intel","Core i5","11th",16,"DDR4",512,0,"Windows","64-bit",0,"ThinNlight",14.0,1,"No","Yes",12,4.3,10,72,0.0,0.7931885590512107,0.20681144094878942,0.0,0.0,0.0,0.0,0.0,"[687.5 - 1375.0]","[687.5 - 1375.0]"
"hp","Pentium","Intel","Pentium Quad","10th",8,"DDR4",256,0,"Windows","64-bit",0,"ThinNlight",14.0,1,"No","Yes",10,4.1,77,9,0.8202599397801595,0.17974006021984051,0.0,0.0,0.0,0.0,0.0,0.0,"[0.0 - 687.5]","[0.0 - 687.5]"
"hp","Ryzen","AMD","Ryzen 3","11th",8,"DDR4",512,0,"Windows","64-bit",0,"ThinNlight",14.0,0,"No","No",17,4.6,163,33,0.5905768136884164,0.40942318631158364,0.0,0.0,0.0,0.0,0.0,0.0,"[0.0 - 687.5]","[0.0 - 687.5]"
"hp","Ryzen","AMD","Ryzen 5","11th",4,"DDR4",256,1024,"Windows","64-bit",0,"ThinNlight",15.6,1,"No","No",7,4.4,698,74,0.4039449511980963,0.5960550488019037,0.0,0.0,0.0,0.0,0.0,0.0,"[687.5 - 1375.0]","[0.0 - 687.5]"
"hp","Ryzen","AMD","Ryzen 5","11th",4,"DDR4",512,0,"Windows","32-bit",0,"Casual",15.6,0,"No","No",10,4.225474684,521,72,0.0,1.0,0.0,0.0,0.0,0.0,0.0,0.0,"[687.5 - 1375.0]","[0.0 - 687.5]"
"hp","Spectre","Intel","Core i5","11th",8,"LPDDR4X",512,0,"Windows","64-bit",0,"Casual",13.3,0,"Yes","No",14,5.0,3,1,0.5892456232986685,0.2022406298506666,0.20851374685066495,0.0,0.0,0.0,0.0,0.0,"[0.0 - 687.5]","[687.5 - 1375.0]"
"hp","Spectre","Intel","Core i5","11th",8,"LPDDR4X",512,0,"Windows","64-bit",0,"Casual",16.0,1,"Yes","No",16,4.225474684,521,72,0.1975517755331018,0.39647480544312175,0.4059734190237765,0.0,0.0,0.0,0.0,0.0,"[1375.0 - 2062.5]","[1375.0 - 2062.5]"
"hp","Spectre","Intel","Core i7","10th",16,"DDR4",512,0,"Windows","64-bit",0,"Casual",16.0,1,"Yes","No",15,3.3,3,1,0.0,0.7952547148144697,0.20474528518553026,0.0,0.0,0.0,0.0,0.0,"[687.5 - 1375.0]","[1375.0 - 2062.5]"
"hp","Spectre","Intel","Core i7","11th",16,"LPDDR4X",1024,0,"Windows","64-bit",0,"Casual",16.0,1,"Yes","No",15,4.225474684,521,72,0.0,0.0,0.7993478566398948,0.0,0.20065214336010523,0.0,0.0,0.0,"[1375.0 - 2062.5]","[1375.0 - 2062.5]"
"hp","Spectre","Intel","Core i7","11th",16,"LPDDR4X",1024,0,"Windows","64-bit",0,"Casual",16.0,1,"Yes","No",17,4.225474684,521,72,0.0,0.0,0.6333421550806145,0.18157320370425936,0.18508464121512608,0.0,0.0,0.0,"[1375.0 - 2062.5]","[1375.0 - 2062.5]"
"infinix","INBook","Intel","Core i3","10th",8,"LPDDR4X",256,0,"Windows","64-bit",0,"ThinNlight",14.0,0,"No","No",34,4.3,1221,265,1.0,0.0,0.0,0.0,0.0,0.0,0.0,0.0,"[0.0 - 687.5]","[0.0 - 687.5]"
"infinix","INBook","Intel","Core i5","10th",8,"LPDDR4X",512,0,"Windows","64-bit",0,"ThinNlight",14.0,0,"No","No",29,4.1,383,65,0.21002782975948214,0.39029879783366894,0.3996733724068489,0.0,0.0,0.0,0.0,0.0,"[1375.0 - 2062.5]","[0.0 - 687.5]"
"lenovo","APU","AMD","APU Dual","10th",4,"DDR4",0,1024,"Windows","64-bit",0,"Casual",15.6,0,"No","No",20,3.9,219,18,1.0,0.0,0.0,0.0,0.0,0.0,0.0,0.0,"[0.0 - 687.5]","[0.0 - 687.5]"
"lenovo","Celeron","Intel","Celeron Dual","10th",4,"DDR4",0,1024,"Windows","32-bit",0,"Casual",15.6,0,"No","No",19,3.3,19,1,0.7873616971446464,0.2126383028553537,0.0,0.0,0.0,0.0,0.0,0.0,"[0.0 - 687.5]","[0.0 - 687.5]"
"lenovo","IdeaPad","AMD","Ryzen 5","11th",8,"DDR4",512,0,"Windows","64-bit",0,"ThinNlight",15.6,1,"No","No",28,4.4,219,27,0.3965280255316858,0.6034719744683141,0.0,0.0,0.0,0.0,0.0,0.0,"[687.5 - 1375.0]","[0.0 - 687.5]"
"lenovo","IdeaPad","AMD","Ryzen 5","11th",8,"DDR4",512,0,"Windows","64-bit",4,"Gaming",15.6,1,"No","Yes",32,4.5,162,15,0.4338080526491743,0.5661919473508257,0.0,0.0,0.0,0.0,0.0,0.0,"[687.5 - 1375.0]","[687.5 - 1375.0]"
"lenovo","Ideapad","Intel","Core i3","10th",4,"DDR4",256,0,"Windows","64-bit",0,"Casual",15.6,2,"No","Yes",33,4.225474684,521,72,1.0,0.0,0.0,0.0,0.0,0.0,0.0,0.0,"[0.0 - 687.5]","[0.0 - 687.5]"
"lenovo","IdeaPad","Intel","Core i3","10th",8,"DDR4",0,1024,"Windows","64-bit",0,"ThinNlight",15.6,1,"No","Yes",37,4.0,2124,233,0.8139830385537048,0.1860169614462952,0.0,0.0,0.0,0.0,0.0,0.0,"[0.0 - 687.5]","[0.0 - 687.5]"
"lenovo","IdeaPad","Intel","Core i5","10th",8,"DDR4",256,1024,"Windows","64-bit",4,"Gaming",14.0,0,"No","No",20,4.3,268,25,0.31744631589965056,0.6825536841003496,0.0,0.0,0.0,0.0,0.0,0.0,"[687.5 - 1375.0]","[687.5 - 1375.0]"
"lenovo","IdeaPad","Intel","Core i5","11th",16,"DDR4",512,0,"Windows","64-bit",0,"ThinNlight",14.0,0,"No","No",36,4.2,56,7,0.2082652429299609,0.7917347570700392,0.0,0.0,0.0,0.0,0.0,0.0,"[687.5 - 1375.0]","[687.5 - 1375.0]"
"lenovo","Ideapad","Intel","Core i5","11th",8,"DDR4",512,0,"Windows","64-bit",0,"Casual",14.0,2,"No","Yes",28,4.2,300,24,0.1929743444127608,0.8070256555872393,0.0,0.0,0.0,0.0,0.0,0.0,"[687.5 - 1375.0]","[0.0 - 687.5]"
"lenovo","IdeaPad","Intel","Core i7","11th",16,"DDR4",512,0,"Windows","64-bit",0,"Casual",14.0,1,"Yes","Yes",31,4.4,77,10,0.19268042268916646,0.8073195773108335,0.0,0.0,0.0,0.0,0.0,0.0,"[687.5 - 1375.0]","[687.5 - 1375.0]"
"lenovo","IdeaPad","Intel","Ryzen 7","11th",4,"DDR4",512,0,"Windows","32-bit",4,"Casual",16.0,3,"No","Yes",40,4.225474684,521,72,0.5921146888403229,0.4078853111596771,0.0,0.0,0.0,0.0,0.0,0.0,"[0.0 - 687.5]","[687.5 - 1375.0]"
"lenovo","Legion","Intel","Core i5","9th",8,"DDR4",512,0,"Windows","64-bit",4,"Casual",15.6,0,"No","No",29,3.8,9,1,0.19351401332797086,0.8064859866720291,0.0,0.0,0.0,0.0,0.0,0.0,"[687.5 - 1375.0]","[687.5 - 1375.0]"
"lenovo","IdeaPad","Intel","Core i3","10th",4,"DDR4",256,0,"Windows","32-bit",0,"Casual",15.6,0,"No","No",16,5.0,1,1,0.8111465074444231,0.18885349255557687,0.0,0.0,0.0,0.0,0.0,0.0,"[0.0 - 687.5]","[0.0 - 687.5]"
"lenovo","IdeaPad","Intel","Core i3","10th",8,"DDR4",512,0,"Windows","64-bit",0,"ThinNlight",15.6,1,"No","No",37,3.9,13,1,0.0,1.0,0.0,0.0,0.0,0.0,0.0,0.0,"[687.5 - 1375.0]","[0.0 - 687.5]"
"lenovo","IdeaPad","Intel","Core i5","7th",8,"DDR4",0,1024,"Windows","32-bit",2,"Casual",15.6,0,"No","No",30,4.225474684,521,72,0.6225293535918233,0.37747064640817674,0.0,0.0,0.0,0.0,0.0,0.0,"[0.0 - 687.5]","[687.5 - 1375.0]"
"lenovo","Ryzen","AMD","Ryzen 7","11th",4,"DDR4",512,0,"Windows","64-bit",4,"Casual",16.0,1,"No","Yes",24,4.225474684,521,72,0.19960838437203574,0.8003916156279642,0.0,0.0,0.0,0.0,0.0,0.0,"[687.5 - 1375.0]","[687.5 - 1375.0]"
"lenovo","ThinkBook","Intel","Core i5","11th",8,"DDR4",512,0,"Windows","64-bit",0,"Casual",15.6,1,"No","Yes",46,4.4,26,4,0.0,0.9999999999999999,0.0,0.0,0.0,0.0,0.0,0.0,"[687.5 - 1375.0]","[687.5 - 1375.0]"
"lenovo","ThinkPad","Intel","Core i5","10th",8,"DDR4",512,512,"Windows","64-bit",0,"ThinNlight",16.0,3,"Yes","No",20,4.225474684,521,72,0.0,0.18768219662006191,0.8123178033799381,0.0,0.0,0.0,0.0,0.0,"[1375.0 - 2062.5]","[1375.0 - 2062.5]"
"lenovo","Yoga","AMD","Ryzen 5","11th",4,"DDR4",512,0,"Windows","64-bit",0,"ThinNlight",16.0,1,"Yes","Yes",25,4.225474684,521,72,0.20176328557016396,0.798236714429836,0.0,0.0,0.0,0.0,0.0,0.0,"[687.5 - 1375.0]","[687.5 - 1375.0]"
"lenovo","Yoga","Intel","Core i5","10th",8,"LPDDR4",0,512,"DOS","32-bit",0,"Casual",16.0,0,"No","No",26,4.6,79,14,0.6357310215966547,0.3642689784033452,0.0,0.0,0.0,0.0,0.0,0.0,"[0.0 - 687.5]","[687.5 - 1375.0]"
"lenovo","Yoga","Intel","Core i5","11th",8,"DDR4",512,0,"Windows","64-bit",0,"Casual",16.0,1,"No","Yes",20,4.6,16,2,0.21157507107005488,0.7884249289299451,0.0,0.0,0.0,0.0,0.0,0.0,"[687.5 - 1375.0]","[687.5 - 1375.0]"
"lg","Gram","Intel","Core i5","10th",8,"DDR4",256,0,"Windows","64-bit",0,"Casual",15.6,0,"No","No",36,4.6,68,20,1.0,0.0,0.0,0.0,0.0,0.0,0.0,0.0,"[0.0 - 687.5]","[687.5 - 1375.0]"
"lg","Gram","Intel","Core i5","11th",8,"DDR4",256,0,"Windows","64-bit",0,"ThinNlight",16.0,0,"No","No",27,4.225474684,521,72,1.0,0.0,0.0,0.0,0.0,0.0,0.0,0.0,"[0.0 - 687.5]","[687.5 - 1375.0]"
"lg","Gram","Intel","Core i5","11th",8,"DDR4",256,0,"Windows","64-bit",0,"ThinNlight",16.0,0,"No","No",27,4.225474684,521,72,1.0,0.0,0.0,0.0,0.0,0.0,0.0,0.0,"[0.0 - 687.5]","[687.5 - 1375.0]"
"msi","Bravo","AMD","Ryzen 5","11th",8,"DDR4",512,0,"Windows","64-bit",4,"Casual",15.6,0,"No","No",22,4.5,469,80,0.0,1.0,0.0,0.0,0.0,0.0,0.0,0.0,"[687.5 - 1375.0]","[687.5 - 1375.0]"
"msi","GF63","Intel","Core i7","10th",8,"DDR4",256,1024,"Windows","64-bit",4,"Casual",15.6,2,"No","No",23,4.3,794,83,0.23286759058585835,0.7671324094141416,0.0,0.0,0.0,0.0,0.0,0.0,"[687.5 - 1375.0]","[687.5 - 1375.0]"
"msi","GF63","Intel","Core i7","9th",8,"DDR4",512,0,"Windows","64-bit",4,"Casual",15.6,2,"No","No",36,4.5,1639,230,0.4396358780497345,0.5603641219502655,0.0,0.0,0.0,0.0,0.0,0.0,"[687.5 - 1375.0]","[687.5 - 1375.0]"
"msi","Modern","Intel","Core i3","11th",8,"DDR4",512,0,"Windows","64-bit",0,"ThinNlight",14.0,0,"No","No",1,4.5,17,3,0.0,1.0,0.0,0.0,0.0,0.0,0.0,0.0,"[687.5 - 1375.0]","[0.0 - 687.5]"
"msi","Prestige","Intel","Core i5","11th",8,"LPDDR4X",512,0,"Windows","64-bit",0,"Casual",16.0,1,"No","No",14,4.9,11,4,0.6064035182142644,0.39359648178573553,0.0,0.0,0.0,0.0,0.0,0.0,"[0.0 - 687.5]","[687.5 - 1375.0]"
"msi","Prestige","Intel","Core i5","11th",8,"LPDDR4X",512,0,"Windows","64-bit",0,"Casual",16.0,1,"No","No",16,4.225474684,521,72,0.2051369046477845,0.3954934768102749,0.3993696185419406,0.0,0.0,0.0,0.0,0.0,"[1375.0 - 2062.5]","[687.5 - 1375.0]"
"msi","Prestige","Intel","Core i7","10th",16,"DDR4",512,0,"Windows","64-bit",4,"Casual",16.0,1,"No","No",18,4.3,138,30,0.3868623851533893,0.6131376148466108,0.0,0.0,0.0,0.0,0.0,0.0,"[687.5 - 1375.0]","[687.5 - 1375.0]"
"msi","Pulse","Intel","Core i5","10th",8,"LPDDR4",0,512,"DOS","32-bit",4,"Casual",16.0,0,"No","No",11,4.6,5,2,0.0,0.0,0.17782612744652873,0.186429962476232,0.21190310066481174,0.19750061721399742,0.2263401921984301,0.0,"[3437.5 - 4125.0]","[687.5 - 1375.0]"
"msi","Summit","Intel","Core i7","11th",16,"DDR4",1024,0,"Windows","64-bit",4,"Casual",16.0,2,"Yes","No",1,4.0,3,2,0.0,0.20276333934001295,0.4161868405561807,0.0,0.19129254845581242,0.0,0.1897572716479939,0.0,"[1375.0 - 2062.5]","[1375.0 - 2062.5]"
"msi","Sword","Intel","Core i7","11th",16,"DDR4",512,0,"Windows","64-bit",4,"Casual",16.0,0,"No","No",19,4.225474684,521,72,0.0,0.605266549506572,0.19358782613940642,0.0,0.2011456243540215,0.0,0.0,0.0,"[687.5 - 1375.0]","[687.5 - 1375.0]"
"msi","WF65","Intel","Core i7","10th",16,"DDR4",256,1024,"Windows","64-bit",4,"Casual",16.0,3,"No","No",11,4.225474684,521,72,0.0,1.0,0.0,0.0,0.0,0.0,0.0,0.0,"[687.5 - 1375.0]","[1375.0 - 2062.5]"
"nokia","PureBook","Intel","Core i5","10th",8,"DDR4",512,0,"Windows","64-bit",0,"ThinNlight",14.0,0,"No","No",38,4.7,6,1,0.0,1.0,0.0,0.0,0.0,0.0,0.0,0.0,"[687.5 - 1375.0]","[0.0 - 687.5]"
"samsung","Galaxy","Qualcomm","Snapdragon 7c","11th",4,"LPDDR4X",0,512,"Windows","32-bit",0,"Casual",15.6,0,"No","No",18,4.225474684,521,72,0.6781866216723234,0.17808378524212737,0.14372959308554925,0.0,0.0,0.0,0.0,0.0,"[0.0 - 687.5]","[0.0 - 687.5]"
